Workbook

Sheet Emp_List
A1: ID | B1: Name | C1: Department
A2: P0001 | B2: Abel Sherman | C2: Finance | E2: Row Labels | F2: Count of Name
A3: P0002 | B3: Ahmed Cortez | C3: Marketing | E3: Finance | F3: 28
A4: P0003 | B4: Ali Hernandez | C4: Sales | E4: HR | F4: 11
A5: P0004 | B5: Asher Workman | C5: Marketing | E5: IT | F5: 15
A6: P0005 | B6: Ashley Workman | C6: Operations | E6: Marketing | F6: 16
A7: P0006 | B7: Avye Kelly | C7: IT | E7: Operations | F7: 16
A8: P0007 | B8: Barbara Mcconnell | C8: IT | E8: Sales | F8: 14
A9: P0008 | B9: Barclay Romero | C9: Sales | E9: Grand Total | F9: 100
A10: P0009 | B10: Basia David | C10: Operations
A11: P0010 | B11: Basia Davidhall | C11: Finance
A12: P0011 | B12: Bevis Mcpherson | C12: Finance
A13: P0012 | B13: Brooke Odom | C13: Sales
A14: P0013 | B14: Bruce Daily | C14: Operations
A15: P0014 | B15: Bruce Day | C15: Marketing
A16: P0015 | B16: Callie Jefferson | C16: Operations
A17: P0016 | B17: Castor Whitney | C17: Finance
A18: P0017 | B18: Charity Gross | C18: HR
A19: P0018 | B19: Ciaran Becker | C19: Sales
A20: P0019 | B20: Cole Shelton | C20: Operations
A21: P0020 | B21: Cole Sheraton | C21: Finance
... A101: P0100 | B101: Zeph Gill | C101: Marketing

Sheet Training_List
A1: ID | B1: Program name | C1: Trainer | D1: Date | E1: Year Only | F1: Duration | G1: Capacity | H1: Cost
A2: T001 | B2: Basic Sales Skills | C2: Eu Dolor Egestas Inc. | D2: 42009 | E2: =TEXT(D2,"yyyy") -> 2015 | F2: 1 | G2: 10 | H2: 5000
A3: T002 | B3: Basic Project Management Methods | C3: Morbi Tristique Industries | D3: 42023 | E3: =TEXT(D3,"yyyy") -> 2015 | F3: 1 | G3: 5 | H3: 4000
A4: T003 | B4: Basic People Management Techniques | C4: Interdum Company | D4: 42034 | E4: =TEXT(D4,"yyyy") -> 2015 | F4: 1 | G4: 30 | H4: 2000
A5: T004 | B5: Basic People Management Skills | C5: Metus In Nec Foundation | D5: 42047 | E5: =TEXT(D5,"yyyy") -> 2015 | F5: 1 | G5: 25 | H5: 6000
A6: T005 | B6: Basic People Management Methods | C6: Lacus Pede Company | D6: 42074 | E6: =TEXT(D6,"yyyy") -> 2015 | F6: 1 | G6: 20 | H6: 7000
A7: T006 | B7: Basic IT Methods | C7: Quisque PC | D7: 42087 | E7: =TEXT(D7,"yyyy") -> 2015 | F7: 1 | G7: 5 | H7: 2000
A8: T007 | B8: Basic Business Skills | C8: Libero At Auctor Associates | D8: 42111 | E8: =TEXT(D8,"yyyy") -> 2015 | F8: 1 | G8: 25 | H8: 2000
A9: T008 | B9: Basic Advertising Techniques | C9: Nulla Eu Incorporated | D9: 42136 | E9: =TEXT(D9,"yyyy") -> 2015 | F9: 1 | G9: 15 | H9: 2000
A10: T009 | B10: Basic Advertising Skills | C10: Vivamus Industries | D10: 42156 | E10: =TEXT(D10,"yyyy") -> 2015 | F10: 1 | G10: 15 | H10: 3000
A11: T010 | B11: Basic Advertising Methods | C11: Eu Dolor Egestas Inc. | D11: 42180 | E11: =TEXT(D11,"yyyy") -> 2015 | F11: 1 | G11: 5 | H11: 7000
A12: T011 | B12: Advanced Sales Techniques | C12: Morbi Tristique Industries | D12: 42194 | E12: =TEXT(D12,"yyyy") -> 2015 | F12: 0.5 | G12: 20 | H12: 2000
A13: T012 | B13: Advanced Sales Methods | C13: Interdum Company | D13: 42213 | E13: =TEXT(D13,"yyyy") -> 2015 | F13: 0.5 | G13: 30 | H13: 5000
... A22: T021 | B22: Advanced Advertising Skills | C22: Interdum Company | D22: 42384 | E22: =TEXT(D22,"yyyy") -> 2016 | F22: 1 | G22: 15 | H22: 6000

Sheet Emp_Training_Tracker
A1: Final Status | B1: Person Name | C1: Program Name | D1: Status | E1: Feedback Rating
A2: OK | B2: Timon Armstrong | C2: Basic Project Management Methods | D2: Nominated | E2: 5 - Very happy | G2: Row Labels | H2: Count of Person Name
A3: OK | B3: Ahmed Cortez | C3: Advanced Advertising Skills | D3: Nominated | E3: Ratings Unavailable | G3: Advanced Advertising Skills | H3: 11
A4: OK | B4: Ivory Sloan | C4: Basic Sales Skills | D4: Nominated | E4: 1 - Disaster | G4: Advanced Business Methods | H4: 9
A5: OK | B5: Colleen Bryan | C5: Advanced IT Skills | D5: Nominated | E5: Ratings Unavailable | G5: Advanced Business Techniques | H5: 1
A6: OK | B6: Kenneth Gallagher | C6: Basic Advertising Methods | D6: Nominated | E6: 4 - Happy | G6: Advanced IT Skills | H6: 6
A7: OK | B7: Perry Schmidt | C7: Advanced People Management Skills | D7: Nominated | E7: 4 - Happy | G7: Advanced IT Techniques | H7: 6
A8: OK | B8: Edward Glenn | C8: Basic Project Management Methods | D8: Nominated | E8: 3 - Average | G8: Advanced People Management Methods | H8: 8
A9: OK | B9: Tiger Bauer | C9: Advanced Business Methods | D9: Nominated | E9: Ratings Unavailable | G9: Advanced People Management Skills | H9: 7
A10: OK | B10: Yoshio Pierce | C10: Advanced Advertising Skills | D10: Nominated | E10: Ratings Unavailable | G10: Advanced People Management Techniques | H10: 5
A11: OK | B11: Dorothy Pena | C11: Advanced IT Techniques | D11: Nominated | E11: Ratings Unavailable | G11: Advanced Project Management Skills | H11: 5
A12: Duplicate enrollment | B12: Cole Shelton | C12: Advanced Advertising Skills | D12: Nominated | E12: Ratings Unavailable | G12: Advanced Sales Methods | H12: 9
A13: OK | B13: Bevis Mcpherson | C13: Basic People Management Methods | D13: Nominated | E13: 1 - Disaster | G13: Advanced Sales Techniques | H13: 9
A14: OK | B14: Abel Sherman | C14: Advanced People Management Techniques | D14: Nominated | E14: 2 - Not happy | G14: Basic Advertising Methods | H14: 5
... A24: OK | B24: Charity Gross | C24: Advanced Business Methods | D24: Nominated | E24: Ratings Unavailable | G24: Grand Total | H24: 146
A25: OK | B25: Rashad Hobbs | C25: Advanced Advertising Skills | D25: Nominated | E25: Ratings Unavailable
A26: OK | B26: Kay Rios | C26: Advanced Sales Methods | D26: Nominated | E26: 5 - Very happy
A27: OK | B27: George Mcleod | C27: Advanced Sales Methods | D27: Nominated | E27: 2 - Not happy
A28: OK | B28: Quinlan Mcbride | C28: Basic Sales Skills | D28: Nominated | E28: 1 - Disaster | G28: NOTE:
A29: OK | B29: Lydia Wolfe | C29: Basic Business Skills | D29: Nominated | E29: 3 - Average | G29: 1. The original file has incomplete data like in Feedback Ratings column. I replaced the blank cells into "Unrated" so my analysis become meaningful.
A30: OK | B30: Basia David | C30: Basic Advertising Skills | D30: Nominated | E30: 1 - Disaster | G30: 2. From 150 items,4 entries were deleted because of duplicates.
A31: OK | B31: Jade Weber | C31: Advanced People Management Methods | D31: Nominated | E31: 4 - Happy | G31: 3. The final status column is excluded from the analysis as the training capacity versus the actual participants did not all match.
A32: OK | B32: Prescott Mcknight | C32: Basic IT Methods | D32: Nominated | E32: 2 - Not happy | G32: Please see Calculations tab for more info.
A33: OK | B33: Stone Pickett | C33: Advanced IT Skills | D33: Nominated | E33: Ratings Unavailable
A34: OK | B34: Kathleen Chan | C34: Basic Advertising Techniques | D34: Nominated | E34: 1 - Disaster
A35: OK | B35: Asher Workman | C35: Basic People Management Techniques | D35: Nominated | E35: 4 - Happy
A36: OK | B36: Demetria Wiley | C36: Advanced Sales Techniques | D36: Nominated | E36: 1 - Disaster
A37: OK | B37: Bruce Day | C37: Basic Advertising Techniques | D37: Nominated | E37: 3 - Average
A38: OK | B38: Noelani Snyder | C38: Advanced Sales Techniques | D38: Nominated | E38: 5 - Very happy
A39: OK | B39: Cole Shelton | C39: Advanced Business Methods | D39: Nominated | E39: Ratings Unavailable
A40: OK | B40: Charity Gross | C40: Basic People Management Skills | D40: Nominated | E40: 1 - Disaster
A41: OK | B41: Otto Burke | C41: Advanced IT Skills | D41: Nominated | E41: Ratings Unavailable
A42: OK | B42: Basia David | C42: Basic Advertising Skills | D42: Nominated | E42: 2 - Not happy
A43: Duplicate enrollment | B43: Kellie Ferrell | C43: Advanced IT Skills | D43: Nominated | E43: Ratings Unavailable
A44: OK | B44: Mira Perkins | C44: Basic Project Management Methods | D44: Nominated | E44: 3 - Average
... A147: OK | B147: Kieran Wilson | C147: Advanced People Management Techniques | D147: Nominated | E147: 5 - Very happy
A148: OK
A149: Duplicate enrollment
A150: OK
A151: OK

Sheet Reference
B2: Department | C2: Years
B3: Finance | C3: 2015
B4: HR | C4: 2016
B5: IT
B6: Marketing
B7: Operations
B8: Sales
B9: All

Sheet Calculations
E1: TRAINING INFO SUMMARY
E2: Training Name | F2: Training Capacity | G2: Actual Number of Participants (Employee per Program) | H2: Cost | I2: Year | J2: Ratings | Q2: Row Labels | R2: Sum of Actual Number of Participants | S2: Sum of Training Capacity
B3: Fiscal Year | C3: =Dashboard!$E$6 -> 2016 | J3: 1 - Disaster | K3: 2 - Not happy | L3: 3 - Average | M3: 4 - Happy | N3: 5 - Very happy | O3: Unrated | Q3: 2015 | R3: 126 | S3: 335 | U3: Training Name | V3: 1 - Disaster | W3: 2 - Not happy | X3: 3 - Average | Y3: 4 - Happy | Z3: 5 - Very happy | AA3: Unrated
B4: Department | C4: =Dashboard!$W$6 -> 0 | E4: Basic Sales Skills | F4: 10 | G4: =COUNTIF($G$40:$G$185,E4) -> 9 | H4: 5000 | I4: 2015 | J4: =COUNTIFS($L$40:$L$185,$J$3,$G$40:$G$185,E4) -> 2 | K4: =COUNTIFS($L$40:$L$185,$K$3,$G$40:$G$185,E4) -> 2 | L4: =COUNTIFS($L$40:$L$185,$L$3,$G$40:$G$185,E4) -> 3 | M4: =COUNTIFS($L$40:$L$185,$M$3,$G$40:$G$185,E4) -> 2 | N4: =COUNTIFS($L$40:$L$185,$N$3,$G$40:$G$185,E4) -> 0 | O4: =COUNTIFS($L$40:$L$185,$O$3,$G$40:$G$185,E4) -> 0 | Q4: 2016 | R4: 20 | S4: 45 | U4: Basic Sales Skills | V4: 2 | W4: 2 | X4: 3 | Y4: 2 | Z4: 0 | AA4: 0
B5: Training Cost | C5: =SUMIF($I$4:$I$24,C3,$H$4:$H$24) -> 9000 | E5: Basic Project Management Methods | F5: 5 | G5: =COUNTIF($G$40:$G$185,E5) -> 14 | H5: 4000 | I5: 2015 | J5: =COUNTIFS($L$40:$L$185,$J$3,$G$40:$G$185,E5) -> 3 | K5: =COUNTIFS($L$40:$L$185,$K$3,$G$40:$G$185,E5) -> 1 | L5: =COUNTIFS($L$40:$L$185,$L$3,$G$40:$G$185,E5) -> 4 | M5: =COUNTIFS($L$40:$L$185,$M$3,$G$40:$G$185,E5) -> 3 | N5: =COUNTIFS($L$40:$L$185,$N$3,$G$40:$G$185,E5) -> 3 | O5: =COUNTIFS($L$40:$L$185,$O$3,$G$40:$G$185,E5) -> 0 | Q5: Grand Total | R5: 146 | S5: 380 | U5: Basic Project Management Methods | V5: 3 | W5: 1 | X5: 4 | Y5: 3 | Z5: 3 | AA5: 0
B6: Total Participants | C6: =SUMIF($I$4:$I$24,$C$3,$G$4:$G$24) -> 20 | E6: Basic People Management Techniques | F6: 30 | G6: =COUNTIF($G$40:$G$185,E6) -> 4 | H6: 2000 | I6: 2015 | J6: =COUNTIFS($L$40:$L$185,$J$3,$G$40:$G$185,E6) -> 1 | K6: =COUNTIFS($L$40:$L$185,$K$3,$G$40:$G$185,E6) -> 0 | L6: =COUNTIFS($L$40:$L$185,$L$3,$G$40:$G$185,E6) -> 1 | M6: =COUNTIFS($L$40:$L$185,$M$3,$G$40:$G$185,E6) -> 2 | N6: =COUNTIFS($L$40:$L$185,$N$3,$G$40:$G$185,E6) -> 0 | O6: =COUNTIFS($L$40:$L$185,$O$3,$G$40:$G$185,E6) -> 0 | U6: Basic People Management Techniques | V6: 1 | W6: 0 | X6: 1 | Y6: 2 | Z6: 0 | AA6: 0
B7: Total Training Hours | C7: =SUMIF($K$40:$K$185,$C$3,$J$40:$J$185) -> 20 | E7: Basic People Management Skills | F7: 25 | G7: =COUNTIF($G$40:$G$185,E7) -> 6 | H7: 6000 | I7: 2015 | J7: =COUNTIFS($L$40:$L$185,$J$3,$G$40:$G$185,E7) -> 1 | K7: =COUNTIFS($L$40:$L$185,$K$3,$G$40:$G$185,E7) -> 1 | L7: =COUNTIFS($L$40:$L$185,$L$3,$G$40:$G$185,E7) -> 2 | M7: =COUNTIFS($L$40:$L$185,$M$3,$G$40:$G$185,E7) -> 1 | N7: =COUNTIFS($L$40:$L$185,$N$3,$G$40:$G$185,E7) -> 1 | O7: =COUNTIFS($L$40:$L$185,$O$3,$G$40:$G$185,E7) -> 0 | U7: Basic People Management Skills | V7: 1 | W7: 1 | X7: 2 | Y7: 1 | Z7: 1 | AA7: 0
B8: Actual Number of Participants | C8: =SUMIF($I$4:$I$24,$C$3,$G$4:$G$24) -> 20 | E8: Basic People Management Methods | F8: 20 | G8: =COUNTIF($G$40:$G$185,E8) -> 7 | H8: 7000 | I8: 2015 | J8: =COUNTIFS($L$40:$L$185,$J$3,$G$40:$G$185,E8) -> 2 | K8: =COUNTIFS($L$40:$L$185,$K$3,$G$40:$G$185,E8) -> 2 | L8: =COUNTIFS($L$40:$L$185,$L$3,$G$40:$G$185,E8) -> 0 | M8: =COUNTIFS($L$40:$L$185,$M$3,$G$40:$G$185,E8) -> 2 | N8: =COUNTIFS($L$40:$L$185,$N$3,$G$40:$G$185,E8) -> 1 | O8: =COUNTIFS($L$40:$L$185,$O$3,$G$40:$G$185,E8) -> 0 | U8: Basic People Management Methods | V8: 2 | W8: 2 | X8: 0 | Y8: 2 | Z8: 1 | AA8: 0
B9: Training Capacity | C9: =SUMIF($I$4:$I$24,$C$3,$F$4:$F$24) -> 45 | E9: Basic IT Methods | F9: 5 | G9: =COUNTIF($G$40:$G$185,E9) -> 4 | H9: 2000 | I9: 2015 | J9: =COUNTIFS($L$40:$L$185,$J$3,$G$40:$G$185,E9) -> 1 | K9: =COUNTIFS($L$40:$L$185,$K$3,$G$40:$G$185,E9) -> 1 | L9: =COUNTIFS($L$40:$L$185,$L$3,$G$40:$G$185,E9) -> 1 | M9: =COUNTIFS($L$40:$L$185,$M$3,$G$40:$G$185,E9) -> 0 | N9: =COUNTIFS($L$40:$L$185,$N$3,$G$40:$G$185,E9) -> 1 | O9: =COUNTIFS($L$40:$L$185,$O$3,$G$40:$G$185,E9) -> 0 | U9: Basic IT Methods | V9: 1 | W9: 1 | X9: 1 | Y9: 0 | Z9: 1 | AA9: 0
B10: Occupancy Rate | C10: =C8/C9 -> 0.44444444 | E10: Basic Business Skills | F10: 25 | G10: =COUNTIF($G$40:$G$185,E10) -> 2 | H10: 2000 | I10: 2015 | J10: =COUNTIFS($L$40:$L$185,$J$3,$G$40:$G$185,E10) -> 0 | K10: =COUNTIFS($L$40:$L$185,$K$3,$G$40:$G$185,E10) -> 0 | L10: =COUNTIFS($L$40:$L$185,$L$3,$G$40:$G$185,E10) -> 1 | M10: =COUNTIFS($L$40:$L$185,$M$3,$G$40:$G$185,E10) -> 1 | N10: =COUNTIFS($L$40:$L$185,$N$3,$G$40:$G$185,E10) -> 0 | O10: =COUNTIFS($L$40:$L$185,$O$3,$G$40:$G$185,E10) -> 0 | U10: Basic Business Skills | V10: 0 | W10: 0 | X10: 1 | Y10: 1 | Z10: 0 | AA10: 0
B11: Training Cost - % change | C11: =IF(C3=2015,0, IF(C3=2016,($C$13-$C$12)/$C$13,0)) -> 0.74285714 | E11: Basic Advertising Techniques | F11: 15 | G11: =COUNTIF($G$40:$G$185,E11) -> 10 | H11: 2000 | I11: 2015 | J11: =COUNTIFS($L$40:$L$185,$J$3,$G$40:$G$185,E11) -> 3 | K11: =COUNTIFS($L$40:$L$185,$K$3,$G$40:$G$185,E11) -> 2 | L11: =COUNTIFS($L$40:$L$185,$L$3,$G$40:$G$185,E11) -> 3 | M11: =COUNTIFS($L$40:$L$185,$M$3,$G$40:$G$185,E11) -> 0 | N11: =COUNTIFS($L$40:$L$185,$N$3,$G$40:$G$185,E11) -> 2 | O11: =COUNTIFS($L$40:$L$185,$O$3,$G$40:$G$185,E11) -> 0 | U11: Basic Advertising Techniques | V11: 3 | W11: 2 | X11: 3 | Y11: 0 | Z11: 2 | AA11: 0
B12: Training Cost - current year | C12: =C5 -> 9000 | E12: Basic Advertising Skills | F12: 15 | G12: =COUNTIF($G$40:$G$185,E12) -> 9 | H12: 3000 | I12: 2015 | J12: =COUNTIFS($L$40:$L$185,$J$3,$G$40:$G$185,E12) -> 4 | K12: =COUNTIFS($L$40:$L$185,$K$3,$G$40:$G$185,E12) -> 1 | L12: =COUNTIFS($L$40:$L$185,$L$3,$G$40:$G$185,E12) -> 1 | M12: =COUNTIFS($L$40:$L$185,$M$3,$G$40:$G$185,E12) -> 2 | N12: =COUNTIFS($L$40:$L$185,$N$3,$G$40:$G$185,E12) -> 1 | O12: =COUNTIFS($L$40:$L$185,$O$3,$G$40:$G$185,E12) -> 0 | U12: Basic Advertising Skills | V12: 4 | W12: 1 | X12: 1 | Y12: 2 | Z12: 1 | AA12: 0
B13: Training Cost - previous year | C13: 35000 | E13: Basic Advertising Methods | F13: 5 | G13: =COUNTIF($G$40:$G$185,E13) -> 5 | H13: 7000 | I13: 2015 | J13: =COUNTIFS($L$40:$L$185,$J$3,$G$40:$G$185,E13) -> 0 | K13: =COUNTIFS($L$40:$L$185,$K$3,$G$40:$G$185,E13) -> 1 | L13: =COUNTIFS($L$40:$L$185,$L$3,$G$40:$G$185,E13) -> 1 | M13: =COUNTIFS($L$40:$L$185,$M$3,$G$40:$G$185,E13) -> 2 | N13: =COUNTIFS($L$40:$L$185,$N$3,$G$40:$G$185,E13) -> 1 | O13: =COUNTIFS($L$40:$L$185,$O$3,$G$40:$G$185,E13) -> 0 | U13: Basic Advertising Methods | V13: 0 | W13: 1 | X13: 1 | Y13: 2 | Z13: 1 | AA13: 0
B14: Total Training Hours - % change | C14: =IF(C3=2015,0, IF(C3=2016,($C$16-$C$15)/$C$16,0)) -> 0.83333333 | E14: Advanced Sales Techniques | F14: 20 | G14: =COUNTIF($G$40:$G$185,E14) -> 9 | H14: 2000 | I14: 2015 | J14: =COUNTIFS($L$40:$L$185,$J$3,$G$40:$G$185,E14) -> 1 | K14: =COUNTIFS($L$40:$L$185,$K$3,$G$40:$G$185,E14) -> 0 | L14: =COUNTIFS($L$40:$L$185,$L$3,$G$40:$G$185,E14) -> 1 | M14: =COUNTIFS($L$40:$L$185,$M$3,$G$40:$G$185,E14) -> 2 | N14: =COUNTIFS($L$40:$L$185,$N$3,$G$40:$G$185,E14) -> 5 | O14: =COUNTIFS($L$40:$L$185,$O$3,$G$40:$G$185,E14) -> 0 | U14: Advanced Sales Techniques | V14: 1 | W14: 0 | X14: 1 | Y14: 2 | Z14: 5 | AA14: 0
B15: Total Training Hours - current year | C15: 20 | E15: Advanced Sales Methods | F15: 30 | G15: =COUNTIF($G$40:$G$185,E15) -> 9 | H15: 5000 | I15: 2015 | J15: =COUNTIFS($L$40:$L$185,$J$3,$G$40:$G$185,E15) -> 1 | K15: =COUNTIFS($L$40:$L$185,$K$3,$G$40:$G$185,E15) -> 1 | L15: =COUNTIFS($L$40:$L$185,$L$3,$G$40:$G$185,E15) -> 1 | M15: =COUNTIFS($L$40:$L$185,$M$3,$G$40:$G$185,E15) -> 2 | N15: =COUNTIFS($L$40:$L$185,$N$3,$G$40:$G$185,E15) -> 4 | O15: =COUNTIFS($L$40:$L$185,$O$3,$G$40:$G$185,E15) -> 0 | U15: Advanced Sales Methods | V15: 1 | W15: 1 | X15: 1 | Y15: 2 | Z15: 4 | AA15: 0
B16: Total Training Hours - previous year | C16: 120 | E16: Advanced Project Management Skills | F16: 30 | G16: =COUNTIF($G$40:$G$185,E16) -> 5 | H16: 7000 | I16: 2015 | J16: =COUNTIFS($L$40:$L$185,$J$3,$G$40:$G$185,E16) -> 0 | K16: =COUNTIFS($L$40:$L$185,$K$3,$G$40:$G$185,E16) -> 1 | L16: =COUNTIFS($L$40:$L$185,$L$3,$G$40:$G$185,E16) -> 1 | M16: =COUNTIFS($L$40:$L$185,$M$3,$G$40:$G$185,E16) -> 3 | N16: =COUNTIFS($L$40:$L$185,$N$3,$G$40:$G$185,E16) -> 0 | O16: =COUNTIFS($L$40:$L$185,$O$3,$G$40:$G$185,E16) -> 0 | U16: Advanced Project Management Skills | V16: 0 | W16: 1 | X16: 1 | Y16: 3 | Z16: 0 | AA16: 0
B17: Total Participants - % change | C17: =IF(C3=2015,0, IF(C3=2016,($C$19-$C$18)/$C$19,0)) -> 0.84 | E17: Advanced People Management Techniques | F17: 20 | G17: =COUNTIF($G$40:$G$185,E17) -> 5 | H17: 6000 | I17: 2015 | J17: =COUNTIFS($L$40:$L$185,$J$3,$G$40:$G$185,E17) -> 2 | K17: =COUNTIFS($L$40:$L$185,$K$3,$G$40:$G$185,E17) -> 1 | L17: =COUNTIFS($L$40:$L$185,$L$3,$G$40:$G$185,E17) -> 1 | M17: =COUNTIFS($L$40:$L$185,$M$3,$G$40:$G$185,E17) -> 0 | N17: =COUNTIFS($L$40:$L$185,$N$3,$G$40:$G$185,E17) -> 1 | O17: =COUNTIFS($L$40:$L$185,$O$3,$G$40:$G$185,E17) -> 0 | U17: Advanced People Management Techniques | V17: 2 | W17: 1 | X17: 1 | Y17: 0 | Z17: 1 | AA17: 0
B18: Total Participants - current year | C18: 20 | E18: Advanced People Management Skills | F18: 10 | G18: =COUNTIF($G$40:$G$185,E18) -> 7 | H18: 7000 | I18: 2015 | J18: =COUNTIFS($L$40:$L$185,$J$3,$G$40:$G$185,E18) -> 1 | K18: =COUNTIFS($L$40:$L$185,$K$3,$G$40:$G$185,E18) -> 0 | L18: =COUNTIFS($L$40:$L$185,$L$3,$G$40:$G$185,E18) -> 1 | M18: =COUNTIFS($L$40:$L$185,$M$3,$G$40:$G$185,E18) -> 3 | N18: =COUNTIFS($L$40:$L$185,$N$3,$G$40:$G$185,E18) -> 2 | O18: =COUNTIFS($L$40:$L$185,$O$3,$G$40:$G$185,E18) -> 0 | U18: Advanced People Management Skills | V18: 1 | W18: 0 | X18: 1 | Y18: 3 | Z18: 2 | AA18: 0
B19: Total Participants - previous year | C19: 125 | E19: Advanced People Management Methods | F19: 5 | G19: =COUNTIFS($G$40:$G$185,E19,$H$40:$H$185,$H$40) -> 7 | H19: 5000 | I19: 2015 | J19: =COUNTIFS($L$40:$L$185,$J$3,$G$40:$G$185,E19) -> 2 | K19: =COUNTIFS($L$40:$L$185,$K$3,$G$40:$G$185,E19) -> 2 | L19: =COUNTIFS($L$40:$L$185,$L$3,$G$40:$G$185,E19) -> 1 | M19: =COUNTIFS($L$40:$L$185,$M$3,$G$40:$G$185,E19) -> 1 | N19: =COUNTIFS($L$40:$L$185,$N$3,$G$40:$G$185,E19) -> 2 | O19: =COUNTIFS($L$40:$L$185,$O$3,$G$40:$G$185,E19) -> 0 | U19: Advanced People Management Methods | V19: 2 | W19: 2 | X19: 1 | Y19: 1 | Z19: 2 | AA19: 0
B20: Occupancy Rate - % change | C20: =IF(C3=2015,0, IF(C3=2016,($C$22-$C$21),0)) -> -0.0713 | E20: Advanced IT Techniques | F20: 30 | G20: =COUNTIF($G$40:$G$185,E20) -> 6 | H20: 5000 | I20: 2015 | J20: =COUNTIFS($L$40:$L$185,$J$3,$G$40:$G$185,E20) -> 0 | K20: =COUNTIFS($L$40:$L$185,$K$3,$G$40:$G$185,E20) -> 0 | L20: =COUNTIFS($L$40:$L$185,$L$3,$G$40:$G$185,E20) -> 0 | M20: =COUNTIFS($L$40:$L$185,$M$3,$G$40:$G$185,E20) -> 0 | N20: =COUNTIFS($L$40:$L$185,$N$3,$G$40:$G$185,E20) -> 0 | O20: =COUNTIFS($L$40:$L$185,$O$3,$G$40:$G$185,E20) -> 6 | U20: Advanced IT Techniques | V20: 0 | W20: 0 | X20: 0 | Y20: 0 | Z20: 0 | AA20: 6
B21: Occupancy Rate - current year | C21: 0.4444 | E21: Advanced IT Skills | F21: 15 | G21: =COUNTIF($G$40:$G$185,E21) -> 6 | H21: 3000 | I21: 2015 | J21: =COUNTIFS($L$40:$L$185,$J$3,$G$40:$G$185,E21) -> 0 | K21: =COUNTIFS($L$40:$L$185,$K$3,$G$40:$G$185,E21) -> 0 | L21: =COUNTIFS($L$40:$L$185,$L$3,$G$40:$G$185,E21) -> 0 | M21: =COUNTIFS($L$40:$L$185,$M$3,$G$40:$G$185,E21) -> 0 | N21: =COUNTIFS($L$40:$L$185,$N$3,$G$40:$G$185,E21) -> 0 | O21: =COUNTIFS($L$40:$L$185,$O$3,$G$40:$G$185,E21) -> 6 | U21: Advanced IT Skills | V21: 0 | W21: 0 | X21: 0 | Y21: 0 | Z21: 0 | AA21: 6
B22: Occupancy Rate - previous year | C22: 0.3731 | E22: Advanced Business Techniques | F22: 20 | G22: =COUNTIF($G$40:$G$185,E22) -> 1 | H22: 3000 | I22: 2015 | J22: =COUNTIFS($L$40:$L$185,$J$3,$G$40:$G$185,E22) -> 0 | K22: =COUNTIFS($L$40:$L$185,$K$3,$G$40:$G$185,E22) -> 0 | L22: =COUNTIFS($L$40:$L$185,$L$3,$G$40:$G$185,E22) -> 0 | M22: =COUNTIFS($L$40:$L$185,$M$3,$G$40:$G$185,E22) -> 0 | N22: =COUNTIFS($L$40:$L$185,$N$3,$G$40:$G$185,E22) -> 0 | O22: =COUNTIFS($L$40:$L$185,$O$3,$G$40:$G$185,E22) -> 1 | U22: Advanced Business Techniques | V22: 0 | W22: 0 | X22: 0 | Y22: 0 | Z22: 0 | AA22: 1
E23: Advanced Business Methods | F23: 30 | G23: =COUNTIF($G$40:$G$185,E23) -> 9 | H23: 3000 | I23: 2016 | J23: =COUNTIFS($L$40:$L$185,$J$3,$G$40:$G$185,E23) -> 0 | K23: =COUNTIFS($L$40:$L$185,$K$3,$G$40:$G$185,E23) -> 0 | L23: =COUNTIFS($L$40:$L$185,$L$3,$G$40:$G$185,E23) -> 0 | M23: =COUNTIFS($L$40:$L$185,$M$3,$G$40:$G$185,E23) -> 0 | N23: =COUNTIFS($L$40:$L$185,$N$3,$G$40:$G$185,E23) -> 0 | O23: =COUNTIFS($L$40:$L$185,$O$3,$G$40:$G$185,E23) -> 9 | U23: Advanced Business Methods | V23: 0 | W23: 0 | X23: 0 | Y23: 0 | Z23: 0 | AA23: 9
B24: Commentary | E24: Advanced Advertising Skills | F24: 15 | G24: =COUNTIF($G$40:$G$185,E24) -> 11 | H24: 6000 | I24: 2016 | J24: =COUNTIFS($L$40:$L$185,$J$3,$G$40:$G$185,E24) -> 0 | K24: =COUNTIFS($L$40:$L$185,$K$3,$G$40:$G$185,E24) -> 0 | L24: =COUNTIFS($L$40:$L$185,$L$3,$G$40:$G$185,E24) -> 0 | M24: =COUNTIFS($L$40:$L$185,$M$3,$G$40:$G$185,E24) -> 0 | N24: =COUNTIFS($L$40:$L$185,$N$3,$G$40:$G$185,E24) -> 0 | O24: =COUNTIFS($L$40:$L$185,$O$3,$G$40:$G$185,E24) -> 11 | U24: Advanced Advertising Skills | V24: 0 | W24: 0 | X24: 0 | Y24: 0 | Z24: 0 | AA24: 11
B25: As of FYE
B26: =$C$3 -> 2016
B27: , | G27: Course over capacity tagging is false
B28: the Total Training Hours is | G28: Exceeded
B29: =$C$7 -> 20
B30: , participated by
B31: =$C$8 -> 20 | C31: employees from different departments
B32: with
B33: =$C$10 -> 0.44444444
B34: Occupancy Rate. | C34: Accumulated cost is equal to | D34: =$C$5 -> 9000 | E34: .
B36: =CONCATENATE(B25,B26,B27,B28,B29,B30,B31,C31,B32,TEXT(B33,"0.00%"),B34,C34,TEXT(D34,"#,#"),E34) -> As of FYE 2016, the Total Training Hours is 20, participated by 20 employees from different departments with 44.44% Occupancy Rate. Accumulated cost is equal to 9,000.
B38: EMP LIST | F38: EMP TRAINING TRACKER | O38: TRAINING LIST
B39: ID | D39: Department | F39: Person Name | G39: Program Name | H39: Status | I39: DEPARTMENT | J39: DURATION | K39: TRAINING DATE | L39: Feedback Rating | O39: ID | P39: Program name | Q39: Trainer | R39: Date | S39: Year Only | T39: Duration | U39: Capacity | V39: Cost
B40: P0001 | C40: Abel Sherman | D40: Finance | F40: Abel Sherman | G40: Advanced People Management Techniques | H40: Nominated | I40: =IF(F40=$C$40,$D$40, IF(F40=$C$41,$D$41, IF(F40=$C$42,$D$42, IF(F40=$C$43,$D$43, IF(F40=$C$44,$D$44, IF(F40=$C$45,$D$45, IF(F40=$C$46,$D$46, IF(F40=$C$47,$D$47, IF(F40=$C$48,$D$48, IF(F40=$C$49,$D$49, IF(F40=$C$50,$D$50, IF(F40=$C$51,$D$51, IF(F40=$C$52,$D$52, IF(F40=$C$53,$D$53, IF(F40=$C$54,$D$54, IF(F40=$C$55,$D$55, IF(F40=$C$56,$D$56, IF(F40=$C$57,$D$57, IF(F40=$C$58,$D$58, IF(F40=$C$59,$D$59, IF(F40=$C$60,$D$60, IF(F40=$C$61,$D$61, IF(F40=$C$62,$D$62, IF(F40=$C$63,$D$63, IF(F40=$C$64,$D$64, IF(F40=$C$65,$D$65, IF(F40=$C$66,$D$66, IF(F40=$C$67,$D$67, IF(F40=$C$68,$D$68, IF(F40=$C$69,$D$69, IF(F40=$C$70,$D$70, IF(F40=$C$71,$D$71, IF(F40=$C$72,$D$72, IF(F40=$C$73,$D$73, IF(F40=$C$74,$D$74, IF(F40=$C$75,$D$75, IF(F40=$C$76,$D$76, IF(F40=$C$77,$D$77, IF(F40=$C$78,$D$78, IF(F40=$C$79,$D$79, IF(F40=$C$80,$D$80, IF(F40=$C$81,$D$81, IF(F40=$C$82,$D$82, IF(F40=$C$83,$D$83, IF(F40=$C$84,$D$84, IF(F40=$C$85,$D$85, IF(F40=$C$86,$D$86, IF(F40=$C$87,$D$87, IF(F40=$C$88,$D$88, IF(F40=$C$89,$D$89, IF(F40=$C$90,$D$90, IF(F40=$C$91,$D$91, IF(F40=$C$92,$D$92, IF(F40=$C$93,$D$93, IF(F40=$C$94,$D$94, IF(F40=$C$95,$D$95, IF(F40=$C$96,$D$96, IF(F40=$C$97,$D$97, IF(F40=$C$98,$D$98, IF(F40=$C$99,$D$99, IF(F40=C100,D100, IF(F40=C101,D101, IF(F40=C102,D102, IF(F40=C103,D103, IF(F40=C104,D104, "No Department"))))))))))))))))))))))))))))))))))))))))))))))))))))))))))))))))) -> Finance | J40: =IF(G40=$P$40,$T$40, IF(G40=$P$41,$T$41, IF(G40=$P$42,$T$42, IF(G40=$P$43,$T$43, IF(G40=$P$44,$T$44, IF(G40=$P$45,$T$45, IF(G40=$P$46,$T$46, IF(G40=$P$47,$T$47, IF(G40=$P$48,$T$48, IF(G40=$P$49,$T$49, IF(G40=$P$50,$T$50, IF(G40=$P$51,$T$51, IF(G40=$P$52,$T$52, IF(G40=$P$53,$T$53, IF(G40=$P$54,$T$54, IF(G40=$P$55,$T$55, IF(G40=$P$56,$T$56, IF(G40=$P$57,$T$57, IF(G40=$P$58,$T$58, IF(G40=$P$59,$T$59, IF(G40=$P$60,$T$60, "no info"))))))))))))))))))))) -> 1 | K40: =IF((OR($P$40=G40,$P$41=G40,$P$42=G40,$P$43=G40,$P$44=G40,$P$45=G40,$P$46=G40,$P$47=G40,$P$48=G40,$P$49=G40,$P$50=G40,$P$51=G40,$P$52=G40,$P$53=G40,$P$54=G40,$P$55=G40,$P$56=G40,$P$57=G40,$P$58=G40)),$S$40,"2016") -> 2015 | L40: 2 - Not happy | O40: T001 | P40: Basic Sales Skills | Q40: Eu Dolor Egestas Inc. | R40: 42009 | S40: =TEXT(R40,"yyyy") -> 2015 | T40: 1 | U40: 10 | V40: 5000
B41: P0002 | C41: Ahmed Cortez | D41: Marketing | F41: Abel Sherman | G41: Basic IT Methods | H41: Nominated | I41: =IF(F41=$C$40,$D$40, IF(F41=$C$41,$D$41, IF(F41=$C$42,$D$42, IF(F41=$C$43,$D$43, IF(F41=$C$44,$D$44, IF(F41=$C$45,$D$45, IF(F41=$C$46,$D$46, IF(F41=$C$47,$D$47, IF(F41=$C$48,$D$48, IF(F41=$C$49,$D$49, IF(F41=$C$50,$D$50, IF(F41=$C$51,$D$51, IF(F41=$C$52,$D$52, IF(F41=$C$53,$D$53, IF(F41=$C$54,$D$54, IF(F41=$C$55,$D$55, IF(F41=$C$56,$D$56, IF(F41=$C$57,$D$57, IF(F41=$C$58,$D$58, IF(F41=$C$59,$D$59, IF(F41=$C$60,$D$60, IF(F41=$C$61,$D$61, IF(F41=$C$62,$D$62, IF(F41=$C$63,$D$63, IF(F41=$C$64,$D$64, IF(F41=$C$65,$D$65, IF(F41=$C$66,$D$66, IF(F41=$C$67,$D$67, IF(F41=$C$68,$D$68, IF(F41=$C$69,$D$69, IF(F41=$C$70,$D$70, IF(F41=$C$71,$D$71, IF(F41=$C$72,$D$72, IF(F41=$C$73,$D$73, IF(F41=$C$74,$D$74, IF(F41=$C$75,$D$75, IF(F41=$C$76,$D$76, IF(F41=$C$77,$D$77, IF(F41=$C$78,$D$78, IF(F41=$C$79,$D$79, IF(F41=$C$80,$D$80, IF(F41=$C$81,$D$81, IF(F41=$C$82,$D$82, IF(F41=$C$83,$D$83, IF(F41=$C$84,$D$84, IF(F41=$C$85,$D$85, IF(F41=$C$86,$D$86, IF(F41=$C$87,$D$87, IF(F41=$C$88,$D$88, IF(F41=$C$89,$D$89, IF(F41=$C$90,$D$90, IF(F41=$C$91,$D$91, IF(F41=$C$92,$D$92, IF(F41=$C$93,$D$93, IF(F41=$C$94,$D$94, IF(F41=$C$95,$D$95, IF(F41=$C$96,$D$96, IF(F41=$C$97,$D$97, IF(F41=$C$98,$D$98, IF(F41=$C$99,$D$99, "No Department")))))))))))))))))))))))))))))))))))))))))))))))))))))))))))) -> Finance | J41: =IF(G41=$P$40,$T$40, IF(G41=$P$41,$T$41, IF(G41=$P$42,$T$42, IF(G41=$P$43,$T$43, IF(G41=$P$44,$T$44, IF(G41=$P$45,$T$45, IF(G41=$P$46,$T$46, IF(G41=$P$47,$T$47, IF(G41=$P$48,$T$48, IF(G41=$P$49,$T$49, IF(G41=$P$50,$T$50, IF(G41=$P$51,$T$51, IF(G41=$P$52,$T$52, IF(G41=$P$53,$T$53, IF(G41=$P$54,$T$54, IF(G41=$P$55,$T$55, IF(G41=$P$56,$T$56, IF(G41=$P$57,$T$57, IF(G41=$P$58,$T$58, IF(G41=$P$59,$T$59, IF(G41=$P$60,$T$60, "no info"))))))))))))))))))))) -> 1 | K41: =IF((OR($P$40=G41,$P$41=G41,$P$42=G41,$P$43=G41,$P$44=G41,$P$45=G41,$P$46=G41,$P$47=G41,$P$48=G41,$P$49=G41,$P$50=G41,$P$51=G41,$P$52=G41,$P$53=G41,$P$54=G41,$P$55=G41,$P$56=G41,$P$57=G41,$P$58=G41)),$S$40,"2016") -> 2015 | L41: 3 - Average | O41: T002 | P41: Basic Project Management Methods | Q41: Morbi Tristique Industries | R41: 42023 | S41: =TEXT(R41,"yyyy") -> 2015 | T41: 1 | U41: 5 | V41: 4000
B42: P0003 | C42: Ali Hernandez | D42: Sales | F42: Abel Sherman | G42: Basic People Management Methods | H42: Nominated | I42: =IF(F42=$C$40,$D$40, IF(F42=$C$41,$D$41, IF(F42=$C$42,$D$42, IF(F42=$C$43,$D$43, IF(F42=$C$44,$D$44, IF(F42=$C$45,$D$45, IF(F42=$C$46,$D$46, IF(F42=$C$47,$D$47, IF(F42=$C$48,$D$48, IF(F42=$C$49,$D$49, IF(F42=$C$50,$D$50, IF(F42=$C$51,$D$51, IF(F42=$C$52,$D$52, IF(F42=$C$53,$D$53, IF(F42=$C$54,$D$54, IF(F42=$C$55,$D$55, IF(F42=$C$56,$D$56, IF(F42=$C$57,$D$57, IF(F42=$C$58,$D$58, IF(F42=$C$59,$D$59, IF(F42=$C$60,$D$60, IF(F42=$C$61,$D$61, IF(F42=$C$62,$D$62, IF(F42=$C$63,$D$63, IF(F42=$C$64,$D$64, IF(F42=$C$65,$D$65, IF(F42=$C$66,$D$66, IF(F42=$C$67,$D$67, IF(F42=$C$68,$D$68, IF(F42=$C$69,$D$69, IF(F42=$C$70,$D$70, IF(F42=$C$71,$D$71, IF(F42=$C$72,$D$72, IF(F42=$C$73,$D$73, IF(F42=$C$74,$D$74, IF(F42=$C$75,$D$75, IF(F42=$C$76,$D$76, IF(F42=$C$77,$D$77, IF(F42=$C$78,$D$78, IF(F42=$C$79,$D$79, IF(F42=$C$80,$D$80, IF(F42=$C$81,$D$81, IF(F42=$C$82,$D$82, IF(F42=$C$83,$D$83, IF(F42=$C$84,$D$84, IF(F42=$C$85,$D$85, IF(F42=$C$86,$D$86, IF(F42=$C$87,$D$87, IF(F42=$C$88,$D$88, IF(F42=$C$89,$D$89, IF(F42=$C$90,$D$90, IF(F42=$C$91,$D$91, IF(F42=$C$92,$D$92, IF(F42=$C$93,$D$93, IF(F42=$C$94,$D$94, IF(F42=$C$95,$D$95, IF(F42=$C$96,$D$96, IF(F42=$C$97,$D$97, IF(F42=$C$98,$D$98, IF(F42=$C$99,$D$99, "No Department")))))))))))))))))))))))))))))))))))))))))))))))))))))))))))) -> Finance | J42: =IF(G42=$P$40,$T$40, IF(G42=$P$41,$T$41, IF(G42=$P$42,$T$42, IF(G42=$P$43,$T$43, IF(G42=$P$44,$T$44, IF(G42=$P$45,$T$45, IF(G42=$P$46,$T$46, IF(G42=$P$47,$T$47, IF(G42=$P$48,$T$48, IF(G42=$P$49,$T$49, IF(G42=$P$50,$T$50, IF(G42=$P$51,$T$51, IF(G42=$P$52,$T$52, IF(G42=$P$53,$T$53, IF(G42=$P$54,$T$54, IF(G42=$P$55,$T$55, IF(G42=$P$56,$T$56, IF(G42=$P$57,$T$57, IF(G42=$P$58,$T$58, IF(G42=$P$59,$T$59, IF(G42=$P$60,$T$60, "no info"))))))))))))))))))))) -> 1 | K42: =IF((OR($P$40=G42,$P$41=G42,$P$42=G42,$P$43=G42,$P$44=G42,$P$45=G42,$P$46=G42,$P$47=G42,$P$48=G42,$P$49=G42,$P$50=G42,$P$51=G42,$P$52=G42,$P$53=G42,$P$54=G42,$P$55=G42,$P$56=G42,$P$57=G42,$P$58=G42)),$S$40,"2016") -> 2015 | L42: 4 - Happy | O42: T003 | P42: Basic People Management Techniques | Q42: Interdum Company | R42: 42034 | S42: =TEXT(R42,"yyyy") -> 2015 | T42: 1 | U42: 30 | V42: 2000
B43: P0004 | C43: Asher Workman | D43: Marketing | F43: Ahmed Cortez | G43: Advanced Advertising Skills | H43: Nominated | I43: =IF(F43=$C$40,$D$40, IF(F43=$C$41,$D$41, IF(F43=$C$42,$D$42, IF(F43=$C$43,$D$43, IF(F43=$C$44,$D$44, IF(F43=$C$45,$D$45, IF(F43=$C$46,$D$46, IF(F43=$C$47,$D$47, IF(F43=$C$48,$D$48, IF(F43=$C$49,$D$49, IF(F43=$C$50,$D$50, IF(F43=$C$51,$D$51, IF(F43=$C$52,$D$52, IF(F43=$C$53,$D$53, IF(F43=$C$54,$D$54, IF(F43=$C$55,$D$55, IF(F43=$C$56,$D$56, IF(F43=$C$57,$D$57, IF(F43=$C$58,$D$58, IF(F43=$C$59,$D$59, IF(F43=$C$60,$D$60, IF(F43=$C$61,$D$61, IF(F43=$C$62,$D$62, IF(F43=$C$63,$D$63, IF(F43=$C$64,$D$64, IF(F43=$C$65,$D$65, IF(F43=$C$66,$D$66, IF(F43=$C$67,$D$67, IF(F43=$C$68,$D$68, IF(F43=$C$69,$D$69, IF(F43=$C$70,$D$70, IF(F43=$C$71,$D$71, IF(F43=$C$72,$D$72, IF(F43=$C$73,$D$73, IF(F43=$C$74,$D$74, IF(F43=$C$75,$D$75, IF(F43=$C$76,$D$76, IF(F43=$C$77,$D$77, IF(F43=$C$78,$D$78, IF(F43=$C$79,$D$79, IF(F43=$C$80,$D$80, IF(F43=$C$81,$D$81, IF(F43=$C$82,$D$82, IF(F43=$C$83,$D$83, IF(F43=$C$84,$D$84, IF(F43=$C$85,$D$85, IF(F43=$C$86,$D$86, IF(F43=$C$87,$D$87, IF(F43=$C$88,$D$88, IF(F43=$C$89,$D$89, IF(F43=$C$90,$D$90, IF(F43=$C$91,$D$91, IF(F43=$C$92,$D$92, IF(F43=$C$93,$D$93, IF(F43=$C$94,$D$94, IF(F43=$C$95,$D$95, IF(F43=$C$96,$D$96, IF(F43=$C$97,$D$97, IF(F43=$C$98,$D$98, IF(F43=$C$99,$D$99, "No Department")))))))))))))))))))))))))))))))))))))))))))))))))))))))))))) -> Marketing | J43: =IF(G43=$P$40,$T$40, IF(G43=$P$41,$T$41, IF(G43=$P$42,$T$42, IF(G43=$P$43,$T$43, IF(G43=$P$44,$T$44, IF(G43=$P$45,$T$45, IF(G43=$P$46,$T$46, IF(G43=$P$47,$T$47, IF(G43=$P$48,$T$48, IF(G43=$P$49,$T$49, IF(G43=$P$50,$T$50, IF(G43=$P$51,$T$51, IF(G43=$P$52,$T$52, IF(G43=$P$53,$T$53, IF(G43=$P$54,$T$54, IF(G43=$P$55,$T$55, IF(G43=$P$56,$T$56, IF(G43=$P$57,$T$57, IF(G43=$P$58,$T$58, IF(G43=$P$59,$T$59, IF(G43=$P$60,$T$60, "no info"))))))))))))))))))))) -> 1 | K43: =IF((OR($P$40=G43,$P$41=G43,$P$42=G43,$P$43=G43,$P$44=G43,$P$45=G43,$P$46=G43,$P$47=G43,$P$48=G43,$P$49=G43,$P$50=G43,$P$51=G43,$P$52=G43,$P$53=G43,$P$54=G43,$P$55=G43,$P$56=G43,$P$57=G43,$P$58=G43)),$S$40,"2016") -> 2016 | L43: Unrated | O43: T004 | P43: Basic People Management Skills | Q43: Metus In Nec Foundation | R43: 42047 | S43: =TEXT(R43,"yyyy") -> 2015 | T43: 1 | U43: 25 | V43: 6000
B44: P0005 | C44: Ashley Workman | D44: Operations | F44: Ahmed Cortez | G44: Advanced Business Methods | H44: Nominated | I44: =IF(F44=$C$40,$D$40, IF(F44=$C$41,$D$41, IF(F44=$C$42,$D$42, IF(F44=$C$43,$D$43, IF(F44=$C$44,$D$44, IF(F44=$C$45,$D$45, IF(F44=$C$46,$D$46, IF(F44=$C$47,$D$47, IF(F44=$C$48,$D$48, IF(F44=$C$49,$D$49, IF(F44=$C$50,$D$50, IF(F44=$C$51,$D$51, IF(F44=$C$52,$D$52, IF(F44=$C$53,$D$53, IF(F44=$C$54,$D$54, IF(F44=$C$55,$D$55, IF(F44=$C$56,$D$56, IF(F44=$C$57,$D$57, IF(F44=$C$58,$D$58, IF(F44=$C$59,$D$59, IF(F44=$C$60,$D$60, IF(F44=$C$61,$D$61, IF(F44=$C$62,$D$62, IF(F44=$C$63,$D$63, IF(F44=$C$64,$D$64, IF(F44=$C$65,$D$65, IF(F44=$C$66,$D$66, IF(F44=$C$67,$D$67, IF(F44=$C$68,$D$68, IF(F44=$C$69,$D$69, IF(F44=$C$70,$D$70, IF(F44=$C$71,$D$71, IF(F44=$C$72,$D$72, IF(F44=$C$73,$D$73, IF(F44=$C$74,$D$74, IF(F44=$C$75,$D$75, IF(F44=$C$76,$D$76, IF(F44=$C$77,$D$77, IF(F44=$C$78,$D$78, IF(F44=$C$79,$D$79, IF(F44=$C$80,$D$80, IF(F44=$C$81,$D$81, IF(F44=$C$82,$D$82, IF(F44=$C$83,$D$83, IF(F44=$C$84,$D$84, IF(F44=$C$85,$D$85, IF(F44=$C$86,$D$86, IF(F44=$C$87,$D$87, IF(F44=$C$88,$D$88, IF(F44=$C$89,$D$89, IF(F44=$C$90,$D$90, IF(F44=$C$91,$D$91, IF(F44=$C$92,$D$92, IF(F44=$C$93,$D$93, IF(F44=$C$94,$D$94, IF(F44=$C$95,$D$95, IF(F44=$C$96,$D$96, IF(F44=$C$97,$D$97, IF(F44=$C$98,$D$98, IF(F44=$C$99,$D$99, "No Department")))))))))))))))))))))))))))))))))))))))))))))))))))))))))))) -> Marketing | J44: =IF(G44=$P$40,$T$40, IF(G44=$P$41,$T$41, IF(G44=$P$42,$T$42, IF(G44=$P$43,$T$43, IF(G44=$P$44,$T$44, IF(G44=$P$45,$T$45, IF(G44=$P$46,$T$46, IF(G44=$P$47,$T$47, IF(G44=$P$48,$T$48, IF(G44=$P$49,$T$49, IF(G44=$P$50,$T$50, IF(G44=$P$51,$T$51, IF(G44=$P$52,$T$52, IF(G44=$P$53,$T$53, IF(G44=$P$54,$T$54, IF(G44=$P$55,$T$55, IF(G44=$P$56,$T$56, IF(G44=$P$57,$T$57, IF(G44=$P$58,$T$58, IF(G44=$P$59,$T$59, IF(G44=$P$60,$T$60, "no info"))))))))))))))))))))) -> 1 | K44: =IF((OR($P$40=G44,$P$41=G44,$P$42=G44,$P$43=G44,$P$44=G44,$P$45=G44,$P$46=G44,$P$47=G44,$P$48=G44,$P$49=G44,$P$50=G44,$P$51=G44,$P$52=G44,$P$53=G44,$P$54=G44,$P$55=G44,$P$56=G44,$P$57=G44,$P$58=G44)),$S$40,"2016") -> 2016 | L44: Unrated | O44: T005 | P44: Basic People Management Methods | Q44: Lacus Pede Company | R44: 42074 | S44: =TEXT(R44,"yyyy") -> 2015 | T44: 1 | U44: 20 | V44: 7000
B45: P0006 | C45: Avye Kelly | D45: IT | F45: Ahmed Cortez | G45: Advanced People Management Methods | H45: Nominated | I45: =IF(F45=$C$40,$D$40, IF(F45=$C$41,$D$41, IF(F45=$C$42,$D$42, IF(F45=$C$43,$D$43, IF(F45=$C$44,$D$44, IF(F45=$C$45,$D$45, IF(F45=$C$46,$D$46, IF(F45=$C$47,$D$47, IF(F45=$C$48,$D$48, IF(F45=$C$49,$D$49, IF(F45=$C$50,$D$50, IF(F45=$C$51,$D$51, IF(F45=$C$52,$D$52, IF(F45=$C$53,$D$53, IF(F45=$C$54,$D$54, IF(F45=$C$55,$D$55, IF(F45=$C$56,$D$56, IF(F45=$C$57,$D$57, IF(F45=$C$58,$D$58, IF(F45=$C$59,$D$59, IF(F45=$C$60,$D$60, IF(F45=$C$61,$D$61, IF(F45=$C$62,$D$62, IF(F45=$C$63,$D$63, IF(F45=$C$64,$D$64, IF(F45=$C$65,$D$65, IF(F45=$C$66,$D$66, IF(F45=$C$67,$D$67, IF(F45=$C$68,$D$68, IF(F45=$C$69,$D$69, IF(F45=$C$70,$D$70, IF(F45=$C$71,$D$71, IF(F45=$C$72,$D$72, IF(F45=$C$73,$D$73, IF(F45=$C$74,$D$74, IF(F45=$C$75,$D$75, IF(F45=$C$76,$D$76, IF(F45=$C$77,$D$77, IF(F45=$C$78,$D$78, IF(F45=$C$79,$D$79, IF(F45=$C$80,$D$80, IF(F45=$C$81,$D$81, IF(F45=$C$82,$D$82, IF(F45=$C$83,$D$83, IF(F45=$C$84,$D$84, IF(F45=$C$85,$D$85, IF(F45=$C$86,$D$86, IF(F45=$C$87,$D$87, IF(F45=$C$88,$D$88, IF(F45=$C$89,$D$89, IF(F45=$C$90,$D$90, IF(F45=$C$91,$D$91, IF(F45=$C$92,$D$92, IF(F45=$C$93,$D$93, IF(F45=$C$94,$D$94, IF(F45=$C$95,$D$95, IF(F45=$C$96,$D$96, IF(F45=$C$97,$D$97, IF(F45=$C$98,$D$98, IF(F45=$C$99,$D$99, "No Department")))))))))))))))))))))))))))))))))))))))))))))))))))))))))))) -> Marketing | J45: =IF(G45=$P$40,$T$40, IF(G45=$P$41,$T$41, IF(G45=$P$42,$T$42, IF(G45=$P$43,$T$43, IF(G45=$P$44,$T$44, IF(G45=$P$45,$T$45, IF(G45=$P$46,$T$46, IF(G45=$P$47,$T$47, IF(G45=$P$48,$T$48, IF(G45=$P$49,$T$49, IF(G45=$P$50,$T$50, IF(G45=$P$51,$T$51, IF(G45=$P$52,$T$52, IF(G45=$P$53,$T$53, IF(G45=$P$54,$T$54, IF(G45=$P$55,$T$55, IF(G45=$P$56,$T$56, IF(G45=$P$57,$T$57, IF(G45=$P$58,$T$58, IF(G45=$P$59,$T$59, IF(G45=$P$60,$T$60, "no info"))))))))))))))))))))) -> 1 | K45: =IF((OR($P$40=G45,$P$41=G45,$P$42=G45,$P$43=G45,$P$44=G45,$P$45=G45,$P$46=G45,$P$47=G45,$P$48=G45,$P$49=G45,$P$50=G45,$P$51=G45,$P$52=G45,$P$53=G45,$P$54=G45,$P$55=G45,$P$56=G45,$P$57=G45,$P$58=G45)),$S$40,"2016") -> 2015 | L45: 5 - Very happy | O45: T006 | P45: Basic IT Methods | Q45: Quisque PC | R45: 42087 | S45: =TEXT(R45,"yyyy") -> 2015 | T45: 1 | U45: 5 | V45: 2000
B46: P0007 | C46: Barbara Mcconnell | D46: IT | F46: Ali Hernandez | G46: Basic Advertising Techniques | H46: Nominated | I46: =IF(F46=$C$40,$D$40, IF(F46=$C$41,$D$41, IF(F46=$C$42,$D$42, IF(F46=$C$43,$D$43, IF(F46=$C$44,$D$44, IF(F46=$C$45,$D$45, IF(F46=$C$46,$D$46, IF(F46=$C$47,$D$47, IF(F46=$C$48,$D$48, IF(F46=$C$49,$D$49, IF(F46=$C$50,$D$50, IF(F46=$C$51,$D$51, IF(F46=$C$52,$D$52, IF(F46=$C$53,$D$53, IF(F46=$C$54,$D$54, IF(F46=$C$55,$D$55, IF(F46=$C$56,$D$56, IF(F46=$C$57,$D$57, IF(F46=$C$58,$D$58, IF(F46=$C$59,$D$59, IF(F46=$C$60,$D$60, IF(F46=$C$61,$D$61, IF(F46=$C$62,$D$62, IF(F46=$C$63,$D$63, IF(F46=$C$64,$D$64, IF(F46=$C$65,$D$65, IF(F46=$C$66,$D$66, IF(F46=$C$67,$D$67, IF(F46=$C$68,$D$68, IF(F46=$C$69,$D$69, IF(F46=$C$70,$D$70, IF(F46=$C$71,$D$71, IF(F46=$C$72,$D$72, IF(F46=$C$73,$D$73, IF(F46=$C$74,$D$74, IF(F46=$C$75,$D$75, IF(F46=$C$76,$D$76, IF(F46=$C$77,$D$77, IF(F46=$C$78,$D$78, IF(F46=$C$79,$D$79, IF(F46=$C$80,$D$80, IF(F46=$C$81,$D$81, IF(F46=$C$82,$D$82, IF(F46=$C$83,$D$83, IF(F46=$C$84,$D$84, IF(F46=$C$85,$D$85, IF(F46=$C$86,$D$86, IF(F46=$C$87,$D$87, IF(F46=$C$88,$D$88, IF(F46=$C$89,$D$89, IF(F46=$C$90,$D$90, IF(F46=$C$91,$D$91, IF(F46=$C$92,$D$92, IF(F46=$C$93,$D$93, IF(F46=$C$94,$D$94, IF(F46=$C$95,$D$95, IF(F46=$C$96,$D$96, IF(F46=$C$97,$D$97, IF(F46=$C$98,$D$98, IF(F46=$C$99,$D$99, "No Department")))))))))))))))))))))))))))))))))))))))))))))))))))))))))))) -> Sales | J46: =IF(G46=$P$40,$T$40, IF(G46=$P$41,$T$41, IF(G46=$P$42,$T$42, IF(G46=$P$43,$T$43, IF(G46=$P$44,$T$44, IF(G46=$P$45,$T$45, IF(G46=$P$46,$T$46, IF(G46=$P$47,$T$47, IF(G46=$P$48,$T$48, IF(G46=$P$49,$T$49, IF(G46=$P$50,$T$50, IF(G46=$P$51,$T$51, IF(G46=$P$52,$T$52, IF(G46=$P$53,$T$53, IF(G46=$P$54,$T$54, IF(G46=$P$55,$T$55, IF(G46=$P$56,$T$56, IF(G46=$P$57,$T$57, IF(G46=$P$58,$T$58, IF(G46=$P$59,$T$59, IF(G46=$P$60,$T$60, "no info"))))))))))))))))))))) -> 1 | K46: =IF((OR($P$40=G46,$P$41=G46,$P$42=G46,$P$43=G46,$P$44=G46,$P$45=G46,$P$46=G46,$P$47=G46,$P$48=G46,$P$49=G46,$P$50=G46,$P$51=G46,$P$52=G46,$P$53=G46,$P$54=G46,$P$55=G46,$P$56=G46,$P$57=G46,$P$58=G46)),$S$40,"2016") -> 2015 | L46: 2 - Not happy | O46: T007 | P46: Basic Business Skills | Q46: Libero At Auctor Associates | R46: 42111 | S46: =TEXT(R46,"yyyy") -> 2015 | T46: 1 | U46: 25 | V46: 2000
B47: P0008 | C47: Barclay Romero | D47: Sales | F47: Ali Hernandez | G47: Advanced Business Methods | H47: Nominated | I47: =IF(F47=$C$40,$D$40, IF(F47=$C$41,$D$41, IF(F47=$C$42,$D$42, IF(F47=$C$43,$D$43, IF(F47=$C$44,$D$44, IF(F47=$C$45,$D$45, IF(F47=$C$46,$D$46, IF(F47=$C$47,$D$47, IF(F47=$C$48,$D$48, IF(F47=$C$49,$D$49, IF(F47=$C$50,$D$50, IF(F47=$C$51,$D$51, IF(F47=$C$52,$D$52, IF(F47=$C$53,$D$53, IF(F47=$C$54,$D$54, IF(F47=$C$55,$D$55, IF(F47=$C$56,$D$56, IF(F47=$C$57,$D$57, IF(F47=$C$58,$D$58, IF(F47=$C$59,$D$59, IF(F47=$C$60,$D$60, IF(F47=$C$61,$D$61, IF(F47=$C$62,$D$62, IF(F47=$C$63,$D$63, IF(F47=$C$64,$D$64, IF(F47=$C$65,$D$65, IF(F47=$C$66,$D$66, IF(F47=$C$67,$D$67, IF(F47=$C$68,$D$68, IF(F47=$C$69,$D$69, IF(F47=$C$70,$D$70, IF(F47=$C$71,$D$71, IF(F47=$C$72,$D$72, IF(F47=$C$73,$D$73, IF(F47=$C$74,$D$74, IF(F47=$C$75,$D$75, IF(F47=$C$76,$D$76, IF(F47=$C$77,$D$77, IF(F47=$C$78,$D$78, IF(F47=$C$79,$D$79, IF(F47=$C$80,$D$80, IF(F47=$C$81,$D$81, IF(F47=$C$82,$D$82, IF(F47=$C$83,$D$83, IF(F47=$C$84,$D$84, IF(F47=$C$85,$D$85, IF(F47=$C$86,$D$86, IF(F47=$C$87,$D$87, IF(F47=$C$88,$D$88, IF(F47=$C$89,$D$89, IF(F47=$C$90,$D$90, IF(F47=$C$91,$D$91, IF(F47=$C$92,$D$92, IF(F47=$C$93,$D$93, IF(F47=$C$94,$D$94, IF(F47=$C$95,$D$95, IF(F47=$C$96,$D$96, IF(F47=$C$97,$D$97, IF(F47=$C$98,$D$98, IF(F47=$C$99,$D$99, "No Department")))))))))))))))))))))))))))))))))))))))))))))))))))))))))))) -> Sales | J47: =IF(G47=$P$40,$T$40, IF(G47=$P$41,$T$41, IF(G47=$P$42,$T$42, IF(G47=$P$43,$T$43, IF(G47=$P$44,$T$44, IF(G47=$P$45,$T$45, IF(G47=$P$46,$T$46, IF(G47=$P$47,$T$47, IF(G47=$P$48,$T$48, IF(G47=$P$49,$T$49, IF(G47=$P$50,$T$50, IF(G47=$P$51,$T$51, IF(G47=$P$52,$T$52, IF(G47=$P$53,$T$53, IF(G47=$P$54,$T$54, IF(G47=$P$55,$T$55, IF(G47=$P$56,$T$56, IF(G47=$P$57,$T$57, IF(G47=$P$58,$T$58, IF(G47=$P$59,$T$59, IF(G47=$P$60,$T$60, "no info"))))))))))))))))))))) -> 1 | K47: =IF((OR($P$40=G47,$P$41=G47,$P$42=G47,$P$43=G47,$P$44=G47,$P$45=G47,$P$46=G47,$P$47=G47,$P$48=G47,$P$49=G47,$P$50=G47,$P$51=G47,$P$52=G47,$P$53=G47,$P$54=G47,$P$55=G47,$P$56=G47,$P$57=G47,$P$58=G47)),$S$40,"2016") -> 2016 | L47: Unrated | O47: T008 | P47: Basic Advertising Techniques | Q47: Nulla Eu Incorporated | R47: 42136 | S47: =TEXT(R47,"yyyy") -> 2015 | T47: 1 | U47: 15 | V47: 2000
B48: P0009 | C48: Basia David | D48: Operations | F48: Asher Workman | G48: Basic People Management Techniques | H48: Nominated | I48: =IF(F48=$C$40,$D$40, IF(F48=$C$41,$D$41, IF(F48=$C$42,$D$42, IF(F48=$C$43,$D$43, IF(F48=$C$44,$D$44, IF(F48=$C$45,$D$45, IF(F48=$C$46,$D$46, IF(F48=$C$47,$D$47, IF(F48=$C$48,$D$48, IF(F48=$C$49,$D$49, IF(F48=$C$50,$D$50, IF(F48=$C$51,$D$51, IF(F48=$C$52,$D$52, IF(F48=$C$53,$D$53, IF(F48=$C$54,$D$54, IF(F48=$C$55,$D$55, IF(F48=$C$56,$D$56, IF(F48=$C$57,$D$57, IF(F48=$C$58,$D$58, IF(F48=$C$59,$D$59, IF(F48=$C$60,$D$60, IF(F48=$C$61,$D$61, IF(F48=$C$62,$D$62, IF(F48=$C$63,$D$63, IF(F48=$C$64,$D$64, IF(F48=$C$65,$D$65, IF(F48=$C$66,$D$66, IF(F48=$C$67,$D$67, IF(F48=$C$68,$D$68, IF(F48=$C$69,$D$69, IF(F48=$C$70,$D$70, IF(F48=$C$71,$D$71, IF(F48=$C$72,$D$72, IF(F48=$C$73,$D$73, IF(F48=$C$74,$D$74, IF(F48=$C$75,$D$75, IF(F48=$C$76,$D$76, IF(F48=$C$77,$D$77, IF(F48=$C$78,$D$78, IF(F48=$C$79,$D$79, IF(F48=$C$80,$D$80, IF(F48=$C$81,$D$81, IF(F48=$C$82,$D$82, IF(F48=$C$83,$D$83, IF(F48=$C$84,$D$84, IF(F48=$C$85,$D$85, IF(F48=$C$86,$D$86, IF(F48=$C$87,$D$87, IF(F48=$C$88,$D$88, IF(F48=$C$89,$D$89, IF(F48=$C$90,$D$90, IF(F48=$C$91,$D$91, IF(F48=$C$92,$D$92, IF(F48=$C$93,$D$93, IF(F48=$C$94,$D$94, IF(F48=$C$95,$D$95, IF(F48=$C$96,$D$96, IF(F48=$C$97,$D$97, IF(F48=$C$98,$D$98, IF(F48=$C$99,$D$99, "No Department")))))))))))))))))))))))))))))))))))))))))))))))))))))))))))) -> Marketing | J48: =IF(G48=$P$40,$T$40, IF(G48=$P$41,$T$41, IF(G48=$P$42,$T$42, IF(G48=$P$43,$T$43, IF(G48=$P$44,$T$44, IF(G48=$P$45,$T$45, IF(G48=$P$46,$T$46, IF(G48=$P$47,$T$47, IF(G48=$P$48,$T$48, IF(G48=$P$49,$T$49, IF(G48=$P$50,$T$50, IF(G48=$P$51,$T$51, IF(G48=$P$52,$T$52, IF(G48=$P$53,$T$53, IF(G48=$P$54,$T$54, IF(G48=$P$55,$T$55, IF(G48=$P$56,$T$56, IF(G48=$P$57,$T$57, IF(G48=$P$58,$T$58, IF(G48=$P$59,$T$59, IF(G48=$P$60,$T$60, "no info"))))))))))))))))))))) -> 1 | K48: =IF((OR($P$40=G48,$P$41=G48,$P$42=G48,$P$43=G48,$P$44=G48,$P$45=G48,$P$46=G48,$P$47=G48,$P$48=G48,$P$49=G48,$P$50=G48,$P$51=G48,$P$52=G48,$P$53=G48,$P$54=G48,$P$55=G48,$P$56=G48,$P$57=G48,$P$58=G48)),$S$40,"2016") -> 2015 | L48: 4 - Happy | O48: T009 | P48: Basic Advertising Skills | Q48: Vivamus Industries | R48: 42156 | S48: =TEXT(R48,"yyyy") -> 2015 | T48: 1 | U48: 15 | V48: 3000
B49: P0010 | C49: Basia Davidhall | D49: Finance | F49: Asher Workman | G49: Basic Advertising Methods | H49: Nominated | I49: =IF(F49=$C$40,$D$40, IF(F49=$C$41,$D$41, IF(F49=$C$42,$D$42, IF(F49=$C$43,$D$43, IF(F49=$C$44,$D$44, IF(F49=$C$45,$D$45, IF(F49=$C$46,$D$46, IF(F49=$C$47,$D$47, IF(F49=$C$48,$D$48, IF(F49=$C$49,$D$49, IF(F49=$C$50,$D$50, IF(F49=$C$51,$D$51, IF(F49=$C$52,$D$52, IF(F49=$C$53,$D$53, IF(F49=$C$54,$D$54, IF(F49=$C$55,$D$55, IF(F49=$C$56,$D$56, IF(F49=$C$57,$D$57, IF(F49=$C$58,$D$58, IF(F49=$C$59,$D$59, IF(F49=$C$60,$D$60, IF(F49=$C$61,$D$61, IF(F49=$C$62,$D$62, IF(F49=$C$63,$D$63, IF(F49=$C$64,$D$64, IF(F49=$C$65,$D$65, IF(F49=$C$66,$D$66, IF(F49=$C$67,$D$67, IF(F49=$C$68,$D$68, IF(F49=$C$69,$D$69, IF(F49=$C$70,$D$70, IF(F49=$C$71,$D$71, IF(F49=$C$72,$D$72, IF(F49=$C$73,$D$73, IF(F49=$C$74,$D$74, IF(F49=$C$75,$D$75, IF(F49=$C$76,$D$76, IF(F49=$C$77,$D$77, IF(F49=$C$78,$D$78, IF(F49=$C$79,$D$79, IF(F49=$C$80,$D$80, IF(F49=$C$81,$D$81, IF(F49=$C$82,$D$82, IF(F49=$C$83,$D$83, IF(F49=$C$84,$D$84, IF(F49=$C$85,$D$85, IF(F49=$C$86,$D$86, IF(F49=$C$87,$D$87, IF(F49=$C$88,$D$88, IF(F49=$C$89,$D$89, IF(F49=$C$90,$D$90, IF(F49=$C$91,$D$91, IF(F49=$C$92,$D$92, IF(F49=$C$93,$D$93, IF(F49=$C$94,$D$94, IF(F49=$C$95,$D$95, IF(F49=$C$96,$D$96, IF(F49=$C$97,$D$97, IF(F49=$C$98,$D$98, IF(F49=$C$99,$D$99, "No Department")))))))))))))))))))))))))))))))))))))))))))))))))))))))))))) -> Marketing | J49: =IF(G49=$P$40,$T$40, IF(G49=$P$41,$T$41, IF(G49=$P$42,$T$42, IF(G49=$P$43,$T$43, IF(G49=$P$44,$T$44, IF(G49=$P$45,$T$45, IF(G49=$P$46,$T$46, IF(G49=$P$47,$T$47, IF(G49=$P$48,$T$48, IF(G49=$P$49,$T$49, IF(G49=$P$50,$T$50, IF(G49=$P$51,$T$51, IF(G49=$P$52,$T$52, IF(G49=$P$53,$T$53, IF(G49=$P$54,$T$54, IF(G49=$P$55,$T$55, IF(G49=$P$56,$T$56, IF(G49=$P$57,$T$57, IF(G49=$P$58,$T$58, IF(G49=$P$59,$T$59, IF(G49=$P$60,$T$60, "no info"))))))))))))))))))))) -> 1 | K49: =IF((OR($P$40=G49,$P$41=G49,$P$42=G49,$P$43=G49,$P$44=G49,$P$45=G49,$P$46=G49,$P$47=G49,$P$48=G49,$P$49=G49,$P$50=G49,$P$51=G49,$P$52=G49,$P$53=G49,$P$54=G49,$P$55=G49,$P$56=G49,$P$57=G49,$P$58=G49)),$S$40,"2016") -> 2015 | L49: 2 - Not happy | O49: T010 | P49: Basic Advertising Methods | Q49: Eu Dolor Egestas Inc. | R49: 42180 | S49: =TEXT(R49,"yyyy") -> 2015 | T49: 1 | U49: 5 | V49: 7000
B50: P0011 | C50: Bevis Mcpherson | D50: Finance | F50: Asher Workman | G50: Advanced People Management Skills | H50: Nominated | I50: =IF(F50=$C$40,$D$40, IF(F50=$C$41,$D$41, IF(F50=$C$42,$D$42, IF(F50=$C$43,$D$43, IF(F50=$C$44,$D$44, IF(F50=$C$45,$D$45, IF(F50=$C$46,$D$46, IF(F50=$C$47,$D$47, IF(F50=$C$48,$D$48, IF(F50=$C$49,$D$49, IF(F50=$C$50,$D$50, IF(F50=$C$51,$D$51, IF(F50=$C$52,$D$52, IF(F50=$C$53,$D$53, IF(F50=$C$54,$D$54, IF(F50=$C$55,$D$55, IF(F50=$C$56,$D$56, IF(F50=$C$57,$D$57, IF(F50=$C$58,$D$58, IF(F50=$C$59,$D$59, IF(F50=$C$60,$D$60, IF(F50=$C$61,$D$61, IF(F50=$C$62,$D$62, IF(F50=$C$63,$D$63, IF(F50=$C$64,$D$64, IF(F50=$C$65,$D$65, IF(F50=$C$66,$D$66, IF(F50=$C$67,$D$67, IF(F50=$C$68,$D$68, IF(F50=$C$69,$D$69, IF(F50=$C$70,$D$70, IF(F50=$C$71,$D$71, IF(F50=$C$72,$D$72, IF(F50=$C$73,$D$73, IF(F50=$C$74,$D$74, IF(F50=$C$75,$D$75, IF(F50=$C$76,$D$76, IF(F50=$C$77,$D$77, IF(F50=$C$78,$D$78, IF(F50=$C$79,$D$79, IF(F50=$C$80,$D$80, IF(F50=$C$81,$D$81, IF(F50=$C$82,$D$82, IF(F50=$C$83,$D$83, IF(F50=$C$84,$D$84, IF(F50=$C$85,$D$85, IF(F50=$C$86,$D$86, IF(F50=$C$87,$D$87, IF(F50=$C$88,$D$88, IF(F50=$C$89,$D$89, IF(F50=$C$90,$D$90, IF(F50=$C$91,$D$91, IF(F50=$C$92,$D$92, IF(F50=$C$93,$D$93, IF(F50=$C$94,$D$94, IF(F50=$C$95,$D$95, IF(F50=$C$96,$D$96, IF(F50=$C$97,$D$97, IF(F50=$C$98,$D$98, IF(F50=$C$99,$D$99, "No Department")))))))))))))))))))))))))))))))))))))))))))))))))))))))))))) -> Marketing | J50: =IF(G50=$P$40,$T$40, IF(G50=$P$41,$T$41, IF(G50=$P$42,$T$42, IF(G50=$P$43,$T$43, IF(G50=$P$44,$T$44, IF(G50=$P$45,$T$45, IF(G50=$P$46,$T$46, IF(G50=$P$47,$T$47, IF(G50=$P$48,$T$48, IF(G50=$P$49,$T$49, IF(G50=$P$50,$T$50, IF(G50=$P$51,$T$51, IF(G50=$P$52,$T$52, IF(G50=$P$53,$T$53, IF(G50=$P$54,$T$54, IF(G50=$P$55,$T$55, IF(G50=$P$56,$T$56, IF(G50=$P$57,$T$57, IF(G50=$P$58,$T$58, IF(G50=$P$59,$T$59, IF(G50=$P$60,$T$60, "no info"))))))))))))))))))))) -> 1 | K50: =IF((OR($P$40=G50,$P$41=G50,$P$42=G50,$P$43=G50,$P$44=G50,$P$45=G50,$P$46=G50,$P$47=G50,$P$48=G50,$P$49=G50,$P$50=G50,$P$51=G50,$P$52=G50,$P$53=G50,$P$54=G50,$P$55=G50,$P$56=G50,$P$57=G50,$P$58=G50)),$S$40,"2016") -> 2015 | L50: 1 - Disaster | O50: T011 | P50: Advanced Sales Techniques | Q50: Morbi Tristique Industries | R50: 42194 | S50: =TEXT(R50,"yyyy") -> 2015 | T50: 0.5 | U50: 20 | V50: 2000
B51: P0012 | C51: Brooke Odom | D51: Sales | F51: Asher Workman | G51: Advanced People Management Skills | H51: Nominated | I51: =IF(F51=$C$40,$D$40, IF(F51=$C$41,$D$41, IF(F51=$C$42,$D$42, IF(F51=$C$43,$D$43, IF(F51=$C$44,$D$44, IF(F51=$C$45,$D$45, IF(F51=$C$46,$D$46, IF(F51=$C$47,$D$47, IF(F51=$C$48,$D$48, IF(F51=$C$49,$D$49, IF(F51=$C$50,$D$50, IF(F51=$C$51,$D$51, IF(F51=$C$52,$D$52, IF(F51=$C$53,$D$53, IF(F51=$C$54,$D$54, IF(F51=$C$55,$D$55, IF(F51=$C$56,$D$56, IF(F51=$C$57,$D$57, IF(F51=$C$58,$D$58, IF(F51=$C$59,$D$59, IF(F51=$C$60,$D$60, IF(F51=$C$61,$D$61, IF(F51=$C$62,$D$62, IF(F51=$C$63,$D$63, IF(F51=$C$64,$D$64, IF(F51=$C$65,$D$65, IF(F51=$C$66,$D$66, IF(F51=$C$67,$D$67, IF(F51=$C$68,$D$68, IF(F51=$C$69,$D$69, IF(F51=$C$70,$D$70, IF(F51=$C$71,$D$71, IF(F51=$C$72,$D$72, IF(F51=$C$73,$D$73, IF(F51=$C$74,$D$74, IF(F51=$C$75,$D$75, IF(F51=$C$76,$D$76, IF(F51=$C$77,$D$77, IF(F51=$C$78,$D$78, IF(F51=$C$79,$D$79, IF(F51=$C$80,$D$80, IF(F51=$C$81,$D$81, IF(F51=$C$82,$D$82, IF(F51=$C$83,$D$83, IF(F51=$C$84,$D$84, IF(F51=$C$85,$D$85, IF(F51=$C$86,$D$86, IF(F51=$C$87,$D$87, IF(F51=$C$88,$D$88, IF(F51=$C$89,$D$89, IF(F51=$C$90,$D$90, IF(F51=$C$91,$D$91, IF(F51=$C$92,$D$92, IF(F51=$C$93,$D$93, IF(F51=$C$94,$D$94, IF(F51=$C$95,$D$95, IF(F51=$C$96,$D$96, IF(F51=$C$97,$D$97, IF(F51=$C$98,$D$98, IF(F51=$C$99,$D$99, "No Department")))))))))))))))))))))))))))))))))))))))))))))))))))))))))))) -> Marketing | J51: =IF(G51=$P$40,$T$40, IF(G51=$P$41,$T$41, IF(G51=$P$42,$T$42, IF(G51=$P$43,$T$43, IF(G51=$P$44,$T$44, IF(G51=$P$45,$T$45, IF(G51=$P$46,$T$46, IF(G51=$P$47,$T$47, IF(G51=$P$48,$T$48, IF(G51=$P$49,$T$49, IF(G51=$P$50,$T$50, IF(G51=$P$51,$T$51, IF(G51=$P$52,$T$52, IF(G51=$P$53,$T$53, IF(G51=$P$54,$T$54, IF(G51=$P$55,$T$55, IF(G51=$P$56,$T$56, IF(G51=$P$57,$T$57, IF(G51=$P$58,$T$58, IF(G51=$P$59,$T$59, IF(G51=$P$60,$T$60, "no info"))))))))))))))))))))) -> 1 | K51: =IF((OR($P$40=G51,$P$41=G51,$P$42=G51,$P$43=G51,$P$44=G51,$P$45=G51,$P$46=G51,$P$47=G51,$P$48=G51,$P$49=G51,$P$50=G51,$P$51=G51,$P$52=G51,$P$53=G51,$P$54=G51,$P$55=G51,$P$56=G51,$P$57=G51,$P$58=G51)),$S$40,"2016") -> 2015 | L51: 5 - Very happy | O51: T012 | P51: Advanced Sales Methods | Q51: Interdum Company | R51: 42213 | S51: =TEXT(R51,"yyyy") -> 2015 | T51: 0.5 | U51: 30 | V51: 5000
B52: P0013 | C52: Bruce Daily | D52: Operations | F52: Asher Workman | G52: Basic People Management Skills | H52: Nominated | I52: =IF(F52=$C$40,$D$40, IF(F52=$C$41,$D$41, IF(F52=$C$42,$D$42, IF(F52=$C$43,$D$43, IF(F52=$C$44,$D$44, IF(F52=$C$45,$D$45, IF(F52=$C$46,$D$46, IF(F52=$C$47,$D$47, IF(F52=$C$48,$D$48, IF(F52=$C$49,$D$49, IF(F52=$C$50,$D$50, IF(F52=$C$51,$D$51, IF(F52=$C$52,$D$52, IF(F52=$C$53,$D$53, IF(F52=$C$54,$D$54, IF(F52=$C$55,$D$55, IF(F52=$C$56,$D$56, IF(F52=$C$57,$D$57, IF(F52=$C$58,$D$58, IF(F52=$C$59,$D$59, IF(F52=$C$60,$D$60, IF(F52=$C$61,$D$61, IF(F52=$C$62,$D$62, IF(F52=$C$63,$D$63, IF(F52=$C$64,$D$64, IF(F52=$C$65,$D$65, IF(F52=$C$66,$D$66, IF(F52=$C$67,$D$67, IF(F52=$C$68,$D$68, IF(F52=$C$69,$D$69, IF(F52=$C$70,$D$70, IF(F52=$C$71,$D$71, IF(F52=$C$72,$D$72, IF(F52=$C$73,$D$73, IF(F52=$C$74,$D$74, IF(F52=$C$75,$D$75, IF(F52=$C$76,$D$76, IF(F52=$C$77,$D$77, IF(F52=$C$78,$D$78, IF(F52=$C$79,$D$79, IF(F52=$C$80,$D$80, IF(F52=$C$81,$D$81, IF(F52=$C$82,$D$82, IF(F52=$C$83,$D$83, IF(F52=$C$84,$D$84, IF(F52=$C$85,$D$85, IF(F52=$C$86,$D$86, IF(F52=$C$87,$D$87, IF(F52=$C$88,$D$88, IF(F52=$C$89,$D$89, IF(F52=$C$90,$D$90, IF(F52=$C$91,$D$91, IF(F52=$C$92,$D$92, IF(F52=$C$93,$D$93, IF(F52=$C$94,$D$94, IF(F52=$C$95,$D$95, IF(F52=$C$96,$D$96, IF(F52=$C$97,$D$97, IF(F52=$C$98,$D$98, IF(F52=$C$99,$D$99, "No Department")))))))))))))))))))))))))))))))))))))))))))))))))))))))))))) -> Marketing | J52: =IF(G52=$P$40,$T$40, IF(G52=$P$41,$T$41, IF(G52=$P$42,$T$42, IF(G52=$P$43,$T$43, IF(G52=$P$44,$T$44, IF(G52=$P$45,$T$45, IF(G52=$P$46,$T$46, IF(G52=$P$47,$T$47, IF(G52=$P$48,$T$48, IF(G52=$P$49,$T$49, IF(G52=$P$50,$T$50, IF(G52=$P$51,$T$51, IF(G52=$P$52,$T$52, IF(G52=$P$53,$T$53, IF(G52=$P$54,$T$54, IF(G52=$P$55,$T$55, IF(G52=$P$56,$T$56, IF(G52=$P$57,$T$57, IF(G52=$P$58,$T$58, IF(G52=$P$59,$T$59, IF(G52=$P$60,$T$60, "no info"))))))))))))))))))))) -> 1 | K52: =IF((OR($P$40=G52,$P$41=G52,$P$42=G52,$P$43=G52,$P$44=G52,$P$45=G52,$P$46=G52,$P$47=G52,$P$48=G52,$P$49=G52,$P$50=G52,$P$51=G52,$P$52=G52,$P$53=G52,$P$54=G52,$P$55=G52,$P$56=G52,$P$57=G52,$P$58=G52)),$S$40,"2016") -> 2015 | L52: 3 - Average | O52: T013 | P52: Advanced Project Management Skills | Q52: Metus In Nec Foundation | R52: 42226 | S52: =TEXT(R52,"yyyy") -> 2015 | T52: 1 | U52: 30 | V52: 7000
... B60: P0021 | C60: Colleen Bryan | D60: Finance | F60: Basia David | G60: Basic People Management Skills | H60: Nominated | I60: =IF(F60=$C$40,$D$40, IF(F60=$C$41,$D$41, IF(F60=$C$42,$D$42, IF(F60=$C$43,$D$43, IF(F60=$C$44,$D$44, IF(F60=$C$45,$D$45, IF(F60=$C$46,$D$46, IF(F60=$C$47,$D$47, IF(F60=$C$48,$D$48, IF(F60=$C$49,$D$49, IF(F60=$C$50,$D$50, IF(F60=$C$51,$D$51, IF(F60=$C$52,$D$52, IF(F60=$C$53,$D$53, IF(F60=$C$54,$D$54, IF(F60=$C$55,$D$55, IF(F60=$C$56,$D$56, IF(F60=$C$57,$D$57, IF(F60=$C$58,$D$58, IF(F60=$C$59,$D$59, IF(F60=$C$60,$D$60, IF(F60=$C$61,$D$61, IF(F60=$C$62,$D$62, IF(F60=$C$63,$D$63, IF(F60=$C$64,$D$64, IF(F60=$C$65,$D$65, IF(F60=$C$66,$D$66, IF(F60=$C$67,$D$67, IF(F60=$C$68,$D$68, IF(F60=$C$69,$D$69, IF(F60=$C$70,$D$70, IF(F60=$C$71,$D$71, IF(F60=$C$72,$D$72, IF(F60=$C$73,$D$73, IF(F60=$C$74,$D$74, IF(F60=$C$75,$D$75, IF(F60=$C$76,$D$76, IF(F60=$C$77,$D$77, IF(F60=$C$78,$D$78, IF(F60=$C$79,$D$79, IF(F60=$C$80,$D$80, IF(F60=$C$81,$D$81, IF(F60=$C$82,$D$82, IF(F60=$C$83,$D$83, IF(F60=$C$84,$D$84, IF(F60=$C$85,$D$85, IF(F60=$C$86,$D$86, IF(F60=$C$87,$D$87, IF(F60=$C$88,$D$88, IF(F60=$C$89,$D$89, IF(F60=$C$90,$D$90, IF(F60=$C$91,$D$91, IF(F60=$C$92,$D$92, IF(F60=$C$93,$D$93, IF(F60=$C$94,$D$94, IF(F60=$C$95,$D$95, IF(F60=$C$96,$D$96, IF(F60=$C$97,$D$97, IF(F60=$C$98,$D$98, IF(F60=$C$99,$D$99, "No Department")))))))))))))))))))))))))))))))))))))))))))))))))))))))))))) -> Operations | J60: =IF(G60=$P$40,$T$40, IF(G60=$P$41,$T$41, IF(G60=$P$42,$T$42, IF(G60=$P$43,$T$43, IF(G60=$P$44,$T$44, IF(G60=$P$45,$T$45, IF(G60=$P$46,$T$46, IF(G60=$P$47,$T$47, IF(G60=$P$48,$T$48, IF(G60=$P$49,$T$49, IF(G60=$P$50,$T$50, IF(G60=$P$51,$T$51, IF(G60=$P$52,$T$52, IF(G60=$P$53,$T$53, IF(G60=$P$54,$T$54, IF(G60=$P$55,$T$55, IF(G60=$P$56,$T$56, IF(G60=$P$57,$T$57, IF(G60=$P$58,$T$58, IF(G60=$P$59,$T$59, IF(G60=$P$60,$T$60, "no info"))))))))))))))))))))) -> 1 | K60: =IF((OR($P$40=G60,$P$41=G60,$P$42=G60,$P$43=G60,$P$44=G60,$P$45=G60,$P$46=G60,$P$47=G60,$P$48=G60,$P$49=G60,$P$50=G60,$P$51=G60,$P$52=G60,$P$53=G60,$P$54=G60,$P$55=G60,$P$56=G60,$P$57=G60,$P$58=G60)),$S$40,"2016") -> 2015 | L60: 2 - Not happy | O60: T021 | P60: Advanced Advertising Skills | Q60: Interdum Company | R60: 42384 | S60: =TEXT(R60,"yyyy") -> 2016 | T60: 1 | U60: 15 | V60: 6000
B61: P0022 | C61: Colorado Fields | D61: Operations | F61: Basia David | G61: Advanced IT Techniques | H61: Nominated | I61: =IF(F61=$C$40,$D$40, IF(F61=$C$41,$D$41, IF(F61=$C$42,$D$42, IF(F61=$C$43,$D$43, IF(F61=$C$44,$D$44, IF(F61=$C$45,$D$45, IF(F61=$C$46,$D$46, IF(F61=$C$47,$D$47, IF(F61=$C$48,$D$48, IF(F61=$C$49,$D$49, IF(F61=$C$50,$D$50, IF(F61=$C$51,$D$51, IF(F61=$C$52,$D$52, IF(F61=$C$53,$D$53, IF(F61=$C$54,$D$54, IF(F61=$C$55,$D$55, IF(F61=$C$56,$D$56, IF(F61=$C$57,$D$57, IF(F61=$C$58,$D$58, IF(F61=$C$59,$D$59, IF(F61=$C$60,$D$60, IF(F61=$C$61,$D$61, IF(F61=$C$62,$D$62, IF(F61=$C$63,$D$63, IF(F61=$C$64,$D$64, IF(F61=$C$65,$D$65, IF(F61=$C$66,$D$66, IF(F61=$C$67,$D$67, IF(F61=$C$68,$D$68, IF(F61=$C$69,$D$69, IF(F61=$C$70,$D$70, IF(F61=$C$71,$D$71, IF(F61=$C$72,$D$72, IF(F61=$C$73,$D$73, IF(F61=$C$74,$D$74, IF(F61=$C$75,$D$75, IF(F61=$C$76,$D$76, IF(F61=$C$77,$D$77, IF(F61=$C$78,$D$78, IF(F61=$C$79,$D$79, IF(F61=$C$80,$D$80, IF(F61=$C$81,$D$81, IF(F61=$C$82,$D$82, IF(F61=$C$83,$D$83, IF(F61=$C$84,$D$84, IF(F61=$C$85,$D$85, IF(F61=$C$86,$D$86, IF(F61=$C$87,$D$87, IF(F61=$C$88,$D$88, IF(F61=$C$89,$D$89, IF(F61=$C$90,$D$90, IF(F61=$C$91,$D$91, IF(F61=$C$92,$D$92, IF(F61=$C$93,$D$93, IF(F61=$C$94,$D$94, IF(F61=$C$95,$D$95, IF(F61=$C$96,$D$96, IF(F61=$C$97,$D$97, IF(F61=$C$98,$D$98, IF(F61=$C$99,$D$99, "No Department")))))))))))))))))))))))))))))))))))))))))))))))))))))))))))) -> Operations | J61: =IF(G61=$P$40,$T$40, IF(G61=$P$41,$T$41, IF(G61=$P$42,$T$42, IF(G61=$P$43,$T$43, IF(G61=$P$44,$T$44, IF(G61=$P$45,$T$45, IF(G61=$P$46,$T$46, IF(G61=$P$47,$T$47, IF(G61=$P$48,$T$48, IF(G61=$P$49,$T$49, IF(G61=$P$50,$T$50, IF(G61=$P$51,$T$51, IF(G61=$P$52,$T$52, IF(G61=$P$53,$T$53, IF(G61=$P$54,$T$54, IF(G61=$P$55,$T$55, IF(G61=$P$56,$T$56, IF(G61=$P$57,$T$57, IF(G61=$P$58,$T$58, IF(G61=$P$59,$T$59, IF(G61=$P$60,$T$60, "no info"))))))))))))))))))))) -> 1 | K61: =IF((OR($P$40=G61,$P$41=G61,$P$42=G61,$P$43=G61,$P$44=G61,$P$45=G61,$P$46=G61,$P$47=G61,$P$48=G61,$P$49=G61,$P$50=G61,$P$51=G61,$P$52=G61,$P$53=G61,$P$54=G61,$P$55=G61,$P$56=G61,$P$57=G61,$P$58=G61)),$S$40,"2016") -> 2015 | L61: Unrated
B62: P0023 | C62: Conan Lopez | D62: Marketing | F62: Bevis Mcpherson | G62: Basic People Management Methods | H62: Nominated | I62: =IF(F62=$C$40,$D$40, IF(F62=$C$41,$D$41, IF(F62=$C$42,$D$42, IF(F62=$C$43,$D$43, IF(F62=$C$44,$D$44, IF(F62=$C$45,$D$45, IF(F62=$C$46,$D$46, IF(F62=$C$47,$D$47, IF(F62=$C$48,$D$48, IF(F62=$C$49,$D$49, IF(F62=$C$50,$D$50, IF(F62=$C$51,$D$51, IF(F62=$C$52,$D$52, IF(F62=$C$53,$D$53, IF(F62=$C$54,$D$54, IF(F62=$C$55,$D$55, IF(F62=$C$56,$D$56, IF(F62=$C$57,$D$57, IF(F62=$C$58,$D$58, IF(F62=$C$59,$D$59, IF(F62=$C$60,$D$60, IF(F62=$C$61,$D$61, IF(F62=$C$62,$D$62, IF(F62=$C$63,$D$63, IF(F62=$C$64,$D$64, IF(F62=$C$65,$D$65, IF(F62=$C$66,$D$66, IF(F62=$C$67,$D$67, IF(F62=$C$68,$D$68, IF(F62=$C$69,$D$69, IF(F62=$C$70,$D$70, IF(F62=$C$71,$D$71, IF(F62=$C$72,$D$72, IF(F62=$C$73,$D$73, IF(F62=$C$74,$D$74, IF(F62=$C$75,$D$75, IF(F62=$C$76,$D$76, IF(F62=$C$77,$D$77, IF(F62=$C$78,$D$78, IF(F62=$C$79,$D$79, IF(F62=$C$80,$D$80, IF(F62=$C$81,$D$81, IF(F62=$C$82,$D$82, IF(F62=$C$83,$D$83, IF(F62=$C$84,$D$84, IF(F62=$C$85,$D$85, IF(F62=$C$86,$D$86, IF(F62=$C$87,$D$87, IF(F62=$C$88,$D$88, IF(F62=$C$89,$D$89, IF(F62=$C$90,$D$90, IF(F62=$C$91,$D$91, IF(F62=$C$92,$D$92, IF(F62=$C$93,$D$93, IF(F62=$C$94,$D$94, IF(F62=$C$95,$D$95, IF(F62=$C$96,$D$96, IF(F62=$C$97,$D$97, IF(F62=$C$98,$D$98, IF(F62=$C$99,$D$99, "No Department")))))))))))))))))))))))))))))))))))))))))))))))))))))))))))) -> Finance | J62: =IF(G62=$P$40,$T$40, IF(G62=$P$41,$T$41, IF(G62=$P$42,$T$42, IF(G62=$P$43,$T$43, IF(G62=$P$44,$T$44, IF(G62=$P$45,$T$45, IF(G62=$P$46,$T$46, IF(G62=$P$47,$T$47, IF(G62=$P$48,$T$48, IF(G62=$P$49,$T$49, IF(G62=$P$50,$T$50, IF(G62=$P$51,$T$51, IF(G62=$P$52,$T$52, IF(G62=$P$53,$T$53, IF(G62=$P$54,$T$54, IF(G62=$P$55,$T$55, IF(G62=$P$56,$T$56, IF(G62=$P$57,$T$57, IF(G62=$P$58,$T$58, IF(G62=$P$59,$T$59, IF(G62=$P$60,$T$60, "no info"))))))))))))))))))))) -> 1 | K62: =IF((OR($P$40=G62,$P$41=G62,$P$42=G62,$P$43=G62,$P$44=G62,$P$45=G62,$P$46=G62,$P$47=G62,$P$48=G62,$P$49=G62,$P$50=G62,$P$51=G62,$P$52=G62,$P$53=G62,$P$54=G62,$P$55=G62,$P$56=G62,$P$57=G62,$P$58=G62)),$S$40,"2016") -> 2015 | L62: 1 - Disaster
B63: P0024 | C63: David Hernandez | D63: Finance | F63: Brooke Odom | G63: Advanced Project Management Skills | H63: Nominated | I63: =IF(F63=$C$40,$D$40, IF(F63=$C$41,$D$41, IF(F63=$C$42,$D$42, IF(F63=$C$43,$D$43, IF(F63=$C$44,$D$44, IF(F63=$C$45,$D$45, IF(F63=$C$46,$D$46, IF(F63=$C$47,$D$47, IF(F63=$C$48,$D$48, IF(F63=$C$49,$D$49, IF(F63=$C$50,$D$50, IF(F63=$C$51,$D$51, IF(F63=$C$52,$D$52, IF(F63=$C$53,$D$53, IF(F63=$C$54,$D$54, IF(F63=$C$55,$D$55, IF(F63=$C$56,$D$56, IF(F63=$C$57,$D$57, IF(F63=$C$58,$D$58, IF(F63=$C$59,$D$59, IF(F63=$C$60,$D$60, IF(F63=$C$61,$D$61, IF(F63=$C$62,$D$62, IF(F63=$C$63,$D$63, IF(F63=$C$64,$D$64, IF(F63=$C$65,$D$65, IF(F63=$C$66,$D$66, IF(F63=$C$67,$D$67, IF(F63=$C$68,$D$68, IF(F63=$C$69,$D$69, IF(F63=$C$70,$D$70, IF(F63=$C$71,$D$71, IF(F63=$C$72,$D$72, IF(F63=$C$73,$D$73, IF(F63=$C$74,$D$74, IF(F63=$C$75,$D$75, IF(F63=$C$76,$D$76, IF(F63=$C$77,$D$77, IF(F63=$C$78,$D$78, IF(F63=$C$79,$D$79, IF(F63=$C$80,$D$80, IF(F63=$C$81,$D$81, IF(F63=$C$82,$D$82, IF(F63=$C$83,$D$83, IF(F63=$C$84,$D$84, IF(F63=$C$85,$D$85, IF(F63=$C$86,$D$86, IF(F63=$C$87,$D$87, IF(F63=$C$88,$D$88, IF(F63=$C$89,$D$89, IF(F63=$C$90,$D$90, IF(F63=$C$91,$D$91, IF(F63=$C$92,$D$92, IF(F63=$C$93,$D$93, IF(F63=$C$94,$D$94, IF(F63=$C$95,$D$95, IF(F63=$C$96,$D$96, IF(F63=$C$97,$D$97, IF(F63=$C$98,$D$98, IF(F63=$C$99,$D$99, "No Department")))))))))))))))))))))))))))))))))))))))))))))))))))))))))))) -> Sales | J63: =IF(G63=$P$40,$T$40, IF(G63=$P$41,$T$41, IF(G63=$P$42,$T$42, IF(G63=$P$43,$T$43, IF(G63=$P$44,$T$44, IF(G63=$P$45,$T$45, IF(G63=$P$46,$T$46, IF(G63=$P$47,$T$47, IF(G63=$P$48,$T$48, IF(G63=$P$49,$T$49, IF(G63=$P$50,$T$50, IF(G63=$P$51,$T$51, IF(G63=$P$52,$T$52, IF(G63=$P$53,$T$53, IF(G63=$P$54,$T$54, IF(G63=$P$55,$T$55, IF(G63=$P$56,$T$56, IF(G63=$P$57,$T$57, IF(G63=$P$58,$T$58, IF(G63=$P$59,$T$59, IF(G63=$P$60,$T$60, "no info"))))))))))))))))))))) -> 1 | K63: =IF((OR($P$40=G63,$P$41=G63,$P$42=G63,$P$43=G63,$P$44=G63,$P$45=G63,$P$46=G63,$P$47=G63,$P$48=G63,$P$49=G63,$P$50=G63,$P$51=G63,$P$52=G63,$P$53=G63,$P$54=G63,$P$55=G63,$P$56=G63,$P$57=G63,$P$58=G63)),$S$40,"2016") -> 2015 | L63: 3 - Average
B64: P0025 | C64: Demetria Wiley | D64: Marketing | F64: Bruce Day | G64: Basic Advertising Techniques | H64: Nominated | I64: =IF(F64=$C$40,$D$40, IF(F64=$C$41,$D$41, IF(F64=$C$42,$D$42, IF(F64=$C$43,$D$43, IF(F64=$C$44,$D$44, IF(F64=$C$45,$D$45, IF(F64=$C$46,$D$46, IF(F64=$C$47,$D$47, IF(F64=$C$48,$D$48, IF(F64=$C$49,$D$49, IF(F64=$C$50,$D$50, IF(F64=$C$51,$D$51, IF(F64=$C$52,$D$52, IF(F64=$C$53,$D$53, IF(F64=$C$54,$D$54, IF(F64=$C$55,$D$55, IF(F64=$C$56,$D$56, IF(F64=$C$57,$D$57, IF(F64=$C$58,$D$58, IF(F64=$C$59,$D$59, IF(F64=$C$60,$D$60, IF(F64=$C$61,$D$61, IF(F64=$C$62,$D$62, IF(F64=$C$63,$D$63, IF(F64=$C$64,$D$64, IF(F64=$C$65,$D$65, IF(F64=$C$66,$D$66, IF(F64=$C$67,$D$67, IF(F64=$C$68,$D$68, IF(F64=$C$69,$D$69, IF(F64=$C$70,$D$70, IF(F64=$C$71,$D$71, IF(F64=$C$72,$D$72, IF(F64=$C$73,$D$73, IF(F64=$C$74,$D$74, IF(F64=$C$75,$D$75, IF(F64=$C$76,$D$76, IF(F64=$C$77,$D$77, IF(F64=$C$78,$D$78, IF(F64=$C$79,$D$79, IF(F64=$C$80,$D$80, IF(F64=$C$81,$D$81, IF(F64=$C$82,$D$82, IF(F64=$C$83,$D$83, IF(F64=$C$84,$D$84, IF(F64=$C$85,$D$85, IF(F64=$C$86,$D$86, IF(F64=$C$87,$D$87, IF(F64=$C$88,$D$88, IF(F64=$C$89,$D$89, IF(F64=$C$90,$D$90, IF(F64=$C$91,$D$91, IF(F64=$C$92,$D$92, IF(F64=$C$93,$D$93, IF(F64=$C$94,$D$94, IF(F64=$C$95,$D$95, IF(F64=$C$96,$D$96, IF(F64=$C$97,$D$97, IF(F64=$C$98,$D$98, IF(F64=$C$99,$D$99, "No Department")))))))))))))))))))))))))))))))))))))))))))))))))))))))))))) -> Marketing | J64: =IF(G64=$P$40,$T$40, IF(G64=$P$41,$T$41, IF(G64=$P$42,$T$42, IF(G64=$P$43,$T$43, IF(G64=$P$44,$T$44, IF(G64=$P$45,$T$45, IF(G64=$P$46,$T$46, IF(G64=$P$47,$T$47, IF(G64=$P$48,$T$48, IF(G64=$P$49,$T$49, IF(G64=$P$50,$T$50, IF(G64=$P$51,$T$51, IF(G64=$P$52,$T$52, IF(G64=$P$53,$T$53, IF(G64=$P$54,$T$54, IF(G64=$P$55,$T$55, IF(G64=$P$56,$T$56, IF(G64=$P$57,$T$57, IF(G64=$P$58,$T$58, IF(G64=$P$59,$T$59, IF(G64=$P$60,$T$60, "no info"))))))))))))))))))))) -> 1 | K64: =IF((OR($P$40=G64,$P$41=G64,$P$42=G64,$P$43=G64,$P$44=G64,$P$45=G64,$P$46=G64,$P$47=G64,$P$48=G64,$P$49=G64,$P$50=G64,$P$51=G64,$P$52=G64,$P$53=G64,$P$54=G64,$P$55=G64,$P$56=G64,$P$57=G64,$P$58=G64)),$S$40,"2016") -> 2015 | L64: 3 - Average
B65: P0026 | C65: Dorothy Pena | D65: IT | F65: Bruce Day | G65: Advanced People Management Skills | H65: Nominated | I65: =IF(F65=$C$40,$D$40, IF(F65=$C$41,$D$41, IF(F65=$C$42,$D$42, IF(F65=$C$43,$D$43, IF(F65=$C$44,$D$44, IF(F65=$C$45,$D$45, IF(F65=$C$46,$D$46, IF(F65=$C$47,$D$47, IF(F65=$C$48,$D$48, IF(F65=$C$49,$D$49, IF(F65=$C$50,$D$50, IF(F65=$C$51,$D$51, IF(F65=$C$52,$D$52, IF(F65=$C$53,$D$53, IF(F65=$C$54,$D$54, IF(F65=$C$55,$D$55, IF(F65=$C$56,$D$56, IF(F65=$C$57,$D$57, IF(F65=$C$58,$D$58, IF(F65=$C$59,$D$59, IF(F65=$C$60,$D$60, IF(F65=$C$61,$D$61, IF(F65=$C$62,$D$62, IF(F65=$C$63,$D$63, IF(F65=$C$64,$D$64, IF(F65=$C$65,$D$65, IF(F65=$C$66,$D$66, IF(F65=$C$67,$D$67, IF(F65=$C$68,$D$68, IF(F65=$C$69,$D$69, IF(F65=$C$70,$D$70, IF(F65=$C$71,$D$71, IF(F65=$C$72,$D$72, IF(F65=$C$73,$D$73, IF(F65=$C$74,$D$74, IF(F65=$C$75,$D$75, IF(F65=$C$76,$D$76, IF(F65=$C$77,$D$77, IF(F65=$C$78,$D$78, IF(F65=$C$79,$D$79, IF(F65=$C$80,$D$80, IF(F65=$C$81,$D$81, IF(F65=$C$82,$D$82, IF(F65=$C$83,$D$83, IF(F65=$C$84,$D$84, IF(F65=$C$85,$D$85, IF(F65=$C$86,$D$86, IF(F65=$C$87,$D$87, IF(F65=$C$88,$D$88, IF(F65=$C$89,$D$89, IF(F65=$C$90,$D$90, IF(F65=$C$91,$D$91, IF(F65=$C$92,$D$92, IF(F65=$C$93,$D$93, IF(F65=$C$94,$D$94, IF(F65=$C$95,$D$95, IF(F65=$C$96,$D$96, IF(F65=$C$97,$D$97, IF(F65=$C$98,$D$98, IF(F65=$C$99,$D$99, "No Department")))))))))))))))))))))))))))))))))))))))))))))))))))))))))))) -> Marketing | J65: =IF(G65=$P$40,$T$40, IF(G65=$P$41,$T$41, IF(G65=$P$42,$T$42, IF(G65=$P$43,$T$43, IF(G65=$P$44,$T$44, IF(G65=$P$45,$T$45, IF(G65=$P$46,$T$46, IF(G65=$P$47,$T$47, IF(G65=$P$48,$T$48, IF(G65=$P$49,$T$49, IF(G65=$P$50,$T$50, IF(G65=$P$51,$T$51, IF(G65=$P$52,$T$52, IF(G65=$P$53,$T$53, IF(G65=$P$54,$T$54, IF(G65=$P$55,$T$55, IF(G65=$P$56,$T$56, IF(G65=$P$57,$T$57, IF(G65=$P$58,$T$58, IF(G65=$P$59,$T$59, IF(G65=$P$60,$T$60, "no info"))))))))))))))))))))) -> 1 | K65: =IF((OR($P$40=G65,$P$41=G65,$P$42=G65,$P$43=G65,$P$44=G65,$P$45=G65,$P$46=G65,$P$47=G65,$P$48=G65,$P$49=G65,$P$50=G65,$P$51=G65,$P$52=G65,$P$53=G65,$P$54=G65,$P$55=G65,$P$56=G65,$P$57=G65,$P$58=G65)),$S$40,"2016") -> 2015 | L65: 4 - Happy
B66: P0027 | C66: Edan Barton | D66: Marketing | F66: Castor Whitney | G66: Advanced People Management Methods | H66: Nominated | I66: =IF(F66=$C$40,$D$40, IF(F66=$C$41,$D$41, IF(F66=$C$42,$D$42, IF(F66=$C$43,$D$43, IF(F66=$C$44,$D$44, IF(F66=$C$45,$D$45, IF(F66=$C$46,$D$46, IF(F66=$C$47,$D$47, IF(F66=$C$48,$D$48, IF(F66=$C$49,$D$49, IF(F66=$C$50,$D$50, IF(F66=$C$51,$D$51, IF(F66=$C$52,$D$52, IF(F66=$C$53,$D$53, IF(F66=$C$54,$D$54, IF(F66=$C$55,$D$55, IF(F66=$C$56,$D$56, IF(F66=$C$57,$D$57, IF(F66=$C$58,$D$58, IF(F66=$C$59,$D$59, IF(F66=$C$60,$D$60, IF(F66=$C$61,$D$61, IF(F66=$C$62,$D$62, IF(F66=$C$63,$D$63, IF(F66=$C$64,$D$64, IF(F66=$C$65,$D$65, IF(F66=$C$66,$D$66, IF(F66=$C$67,$D$67, IF(F66=$C$68,$D$68, IF(F66=$C$69,$D$69, IF(F66=$C$70,$D$70, IF(F66=$C$71,$D$71, IF(F66=$C$72,$D$72, IF(F66=$C$73,$D$73, IF(F66=$C$74,$D$74, IF(F66=$C$75,$D$75, IF(F66=$C$76,$D$76, IF(F66=$C$77,$D$77, IF(F66=$C$78,$D$78, IF(F66=$C$79,$D$79, IF(F66=$C$80,$D$80, IF(F66=$C$81,$D$81, IF(F66=$C$82,$D$82, IF(F66=$C$83,$D$83, IF(F66=$C$84,$D$84, IF(F66=$C$85,$D$85, IF(F66=$C$86,$D$86, IF(F66=$C$87,$D$87, IF(F66=$C$88,$D$88, IF(F66=$C$89,$D$89, IF(F66=$C$90,$D$90, IF(F66=$C$91,$D$91, IF(F66=$C$92,$D$92, IF(F66=$C$93,$D$93, IF(F66=$C$94,$D$94, IF(F66=$C$95,$D$95, IF(F66=$C$96,$D$96, IF(F66=$C$97,$D$97, IF(F66=$C$98,$D$98, IF(F66=$C$99,$D$99, "No Department")))))))))))))))))))))))))))))))))))))))))))))))))))))))))))) -> Finance | J66: =IF(G66=$P$40,$T$40, IF(G66=$P$41,$T$41, IF(G66=$P$42,$T$42, IF(G66=$P$43,$T$43, IF(G66=$P$44,$T$44, IF(G66=$P$45,$T$45, IF(G66=$P$46,$T$46, IF(G66=$P$47,$T$47, IF(G66=$P$48,$T$48, IF(G66=$P$49,$T$49, IF(G66=$P$50,$T$50, IF(G66=$P$51,$T$51, IF(G66=$P$52,$T$52, IF(G66=$P$53,$T$53, IF(G66=$P$54,$T$54, IF(G66=$P$55,$T$55, IF(G66=$P$56,$T$56, IF(G66=$P$57,$T$57, IF(G66=$P$58,$T$58, IF(G66=$P$59,$T$59, IF(G66=$P$60,$T$60, "no info"))))))))))))))))))))) -> 1 | K66: =IF((OR($P$40=G66,$P$41=G66,$P$42=G66,$P$43=G66,$P$44=G66,$P$45=G66,$P$46=G66,$P$47=G66,$P$48=G66,$P$49=G66,$P$50=G66,$P$51=G66,$P$52=G66,$P$53=G66,$P$54=G66,$P$55=G66,$P$56=G66,$P$57=G66,$P$58=G66)),$S$40,"2016") -> 2015 | L66: 5 - Very happy
B67: P0028 | C67: Edward Glenn | D67: Sales | F67: Castor Whitney | G67: Advanced People Management Methods | H67: Nominated | I67: =IF(F67=$C$40,$D$40, IF(F67=$C$41,$D$41, IF(F67=$C$42,$D$42, IF(F67=$C$43,$D$43, IF(F67=$C$44,$D$44, IF(F67=$C$45,$D$45, IF(F67=$C$46,$D$46, IF(F67=$C$47,$D$47, IF(F67=$C$48,$D$48, IF(F67=$C$49,$D$49, IF(F67=$C$50,$D$50, IF(F67=$C$51,$D$51, IF(F67=$C$52,$D$52, IF(F67=$C$53,$D$53, IF(F67=$C$54,$D$54, IF(F67=$C$55,$D$55, IF(F67=$C$56,$D$56, IF(F67=$C$57,$D$57, IF(F67=$C$58,$D$58, IF(F67=$C$59,$D$59, IF(F67=$C$60,$D$60, IF(F67=$C$61,$D$61, IF(F67=$C$62,$D$62, IF(F67=$C$63,$D$63, IF(F67=$C$64,$D$64, IF(F67=$C$65,$D$65, IF(F67=$C$66,$D$66, IF(F67=$C$67,$D$67, IF(F67=$C$68,$D$68, IF(F67=$C$69,$D$69, IF(F67=$C$70,$D$70, IF(F67=$C$71,$D$71, IF(F67=$C$72,$D$72, IF(F67=$C$73,$D$73, IF(F67=$C$74,$D$74, IF(F67=$C$75,$D$75, IF(F67=$C$76,$D$76, IF(F67=$C$77,$D$77, IF(F67=$C$78,$D$78, IF(F67=$C$79,$D$79, IF(F67=$C$80,$D$80, IF(F67=$C$81,$D$81, IF(F67=$C$82,$D$82, IF(F67=$C$83,$D$83, IF(F67=$C$84,$D$84, IF(F67=$C$85,$D$85, IF(F67=$C$86,$D$86, IF(F67=$C$87,$D$87, IF(F67=$C$88,$D$88, IF(F67=$C$89,$D$89, IF(F67=$C$90,$D$90, IF(F67=$C$91,$D$91, IF(F67=$C$92,$D$92, IF(F67=$C$93,$D$93, IF(F67=$C$94,$D$94, IF(F67=$C$95,$D$95, IF(F67=$C$96,$D$96, IF(F67=$C$97,$D$97, IF(F67=$C$98,$D$98, IF(F67=$C$99,$D$99, "No Department")))))))))))))))))))))))))))))))))))))))))))))))))))))))))))) -> Finance | J67: =IF(G67=$P$40,$T$40, IF(G67=$P$41,$T$41, IF(G67=$P$42,$T$42, IF(G67=$P$43,$T$43, IF(G67=$P$44,$T$44, IF(G67=$P$45,$T$45, IF(G67=$P$46,$T$46, IF(G67=$P$47,$T$47, IF(G67=$P$48,$T$48, IF(G67=$P$49,$T$49, IF(G67=$P$50,$T$50, IF(G67=$P$51,$T$51, IF(G67=$P$52,$T$52, IF(G67=$P$53,$T$53, IF(G67=$P$54,$T$54, IF(G67=$P$55,$T$55, IF(G67=$P$56,$T$56, IF(G67=$P$57,$T$57, IF(G67=$P$58,$T$58, IF(G67=$P$59,$T$59, IF(G67=$P$60,$T$60, "no info"))))))))))))))))))))) -> 1 | K67: =IF((OR($P$40=G67,$P$41=G67,$P$42=G67,$P$43=G67,$P$44=G67,$P$45=G67,$P$46=G67,$P$47=G67,$P$48=G67,$P$49=G67,$P$50=G67,$P$51=G67,$P$52=G67,$P$53=G67,$P$54=G67,$P$55=G67,$P$56=G67,$P$57=G67,$P$58=G67)),$S$40,"2016") -> 2015 | L67: 3 - Average
B68: P0029 | C68: Edward Green | D68: HR | F68: Castor Whitney | G68: Basic People Management Methods | H68: Nominated | I68: =IF(F68=$C$40,$D$40, IF(F68=$C$41,$D$41, IF(F68=$C$42,$D$42, IF(F68=$C$43,$D$43, IF(F68=$C$44,$D$44, IF(F68=$C$45,$D$45, IF(F68=$C$46,$D$46, IF(F68=$C$47,$D$47, IF(F68=$C$48,$D$48, IF(F68=$C$49,$D$49, IF(F68=$C$50,$D$50, IF(F68=$C$51,$D$51, IF(F68=$C$52,$D$52, IF(F68=$C$53,$D$53, IF(F68=$C$54,$D$54, IF(F68=$C$55,$D$55, IF(F68=$C$56,$D$56, IF(F68=$C$57,$D$57, IF(F68=$C$58,$D$58, IF(F68=$C$59,$D$59, IF(F68=$C$60,$D$60, IF(F68=$C$61,$D$61, IF(F68=$C$62,$D$62, IF(F68=$C$63,$D$63, IF(F68=$C$64,$D$64, IF(F68=$C$65,$D$65, IF(F68=$C$66,$D$66, IF(F68=$C$67,$D$67, IF(F68=$C$68,$D$68, IF(F68=$C$69,$D$69, IF(F68=$C$70,$D$70, IF(F68=$C$71,$D$71, IF(F68=$C$72,$D$72, IF(F68=$C$73,$D$73, IF(F68=$C$74,$D$74, IF(F68=$C$75,$D$75, IF(F68=$C$76,$D$76, IF(F68=$C$77,$D$77, IF(F68=$C$78,$D$78, IF(F68=$C$79,$D$79, IF(F68=$C$80,$D$80, IF(F68=$C$81,$D$81, IF(F68=$C$82,$D$82, IF(F68=$C$83,$D$83, IF(F68=$C$84,$D$84, IF(F68=$C$85,$D$85, IF(F68=$C$86,$D$86, IF(F68=$C$87,$D$87, IF(F68=$C$88,$D$88, IF(F68=$C$89,$D$89, IF(F68=$C$90,$D$90, IF(F68=$C$91,$D$91, IF(F68=$C$92,$D$92, IF(F68=$C$93,$D$93, IF(F68=$C$94,$D$94, IF(F68=$C$95,$D$95, IF(F68=$C$96,$D$96, IF(F68=$C$97,$D$97, IF(F68=$C$98,$D$98, IF(F68=$C$99,$D$99, "No Department")))))))))))))))))))))))))))))))))))))))))))))))))))))))))))) -> Finance | J68: =IF(G68=$P$40,$T$40, IF(G68=$P$41,$T$41, IF(G68=$P$42,$T$42, IF(G68=$P$43,$T$43, IF(G68=$P$44,$T$44, IF(G68=$P$45,$T$45, IF(G68=$P$46,$T$46, IF(G68=$P$47,$T$47, IF(G68=$P$48,$T$48, IF(G68=$P$49,$T$49, IF(G68=$P$50,$T$50, IF(G68=$P$51,$T$51, IF(G68=$P$52,$T$52, IF(G68=$P$53,$T$53, IF(G68=$P$54,$T$54, IF(G68=$P$55,$T$55, IF(G68=$P$56,$T$56, IF(G68=$P$57,$T$57, IF(G68=$P$58,$T$58, IF(G68=$P$59,$T$59, IF(G68=$P$60,$T$60, "no info"))))))))))))))))))))) -> 1 | K68: =IF((OR($P$40=G68,$P$41=G68,$P$42=G68,$P$43=G68,$P$44=G68,$P$45=G68,$P$46=G68,$P$47=G68,$P$48=G68,$P$49=G68,$P$50=G68,$P$51=G68,$P$52=G68,$P$53=G68,$P$54=G68,$P$55=G68,$P$56=G68,$P$57=G68,$P$58=G68)),$S$40,"2016") -> 2015 | L68: 2 - Not happy
B69: P0030 | C69: Elmo Monroe | D69: Finance | F69: Charity Gross | G69: Advanced Business Methods | H69: Nominated | I69: =IF(F69=$C$40,$D$40, IF(F69=$C$41,$D$41, IF(F69=$C$42,$D$42, IF(F69=$C$43,$D$43, IF(F69=$C$44,$D$44, IF(F69=$C$45,$D$45, IF(F69=$C$46,$D$46, IF(F69=$C$47,$D$47, IF(F69=$C$48,$D$48, IF(F69=$C$49,$D$49, IF(F69=$C$50,$D$50, IF(F69=$C$51,$D$51, IF(F69=$C$52,$D$52, IF(F69=$C$53,$D$53, IF(F69=$C$54,$D$54, IF(F69=$C$55,$D$55, IF(F69=$C$56,$D$56, IF(F69=$C$57,$D$57, IF(F69=$C$58,$D$58, IF(F69=$C$59,$D$59, IF(F69=$C$60,$D$60, IF(F69=$C$61,$D$61, IF(F69=$C$62,$D$62, IF(F69=$C$63,$D$63, IF(F69=$C$64,$D$64, IF(F69=$C$65,$D$65, IF(F69=$C$66,$D$66, IF(F69=$C$67,$D$67, IF(F69=$C$68,$D$68, IF(F69=$C$69,$D$69, IF(F69=$C$70,$D$70, IF(F69=$C$71,$D$71, IF(F69=$C$72,$D$72, IF(F69=$C$73,$D$73, IF(F69=$C$74,$D$74, IF(F69=$C$75,$D$75, IF(F69=$C$76,$D$76, IF(F69=$C$77,$D$77, IF(F69=$C$78,$D$78, IF(F69=$C$79,$D$79, IF(F69=$C$80,$D$80, IF(F69=$C$81,$D$81, IF(F69=$C$82,$D$82, IF(F69=$C$83,$D$83, IF(F69=$C$84,$D$84, IF(F69=$C$85,$D$85, IF(F69=$C$86,$D$86, IF(F69=$C$87,$D$87, IF(F69=$C$88,$D$88, IF(F69=$C$89,$D$89, IF(F69=$C$90,$D$90, IF(F69=$C$91,$D$91, IF(F69=$C$92,$D$92, IF(F69=$C$93,$D$93, IF(F69=$C$94,$D$94, IF(F69=$C$95,$D$95, IF(F69=$C$96,$D$96, IF(F69=$C$97,$D$97, IF(F69=$C$98,$D$98, IF(F69=$C$99,$D$99, "No Department")))))))))))))))))))))))))))))))))))))))))))))))))))))))))))) -> HR | J69: =IF(G69=$P$40,$T$40, IF(G69=$P$41,$T$41, IF(G69=$P$42,$T$42, IF(G69=$P$43,$T$43, IF(G69=$P$44,$T$44, IF(G69=$P$45,$T$45, IF(G69=$P$46,$T$46, IF(G69=$P$47,$T$47, IF(G69=$P$48,$T$48, IF(G69=$P$49,$T$49, IF(G69=$P$50,$T$50, IF(G69=$P$51,$T$51, IF(G69=$P$52,$T$52, IF(G69=$P$53,$T$53, IF(G69=$P$54,$T$54, IF(G69=$P$55,$T$55, IF(G69=$P$56,$T$56, IF(G69=$P$57,$T$57, IF(G69=$P$58,$T$58, IF(G69=$P$59,$T$59, IF(G69=$P$60,$T$60, "no info"))))))))))))))))))))) -> 1 | K69: =IF((OR($P$40=G69,$P$41=G69,$P$42=G69,$P$43=G69,$P$44=G69,$P$45=G69,$P$46=G69,$P$47=G69,$P$48=G69,$P$49=G69,$P$50=G69,$P$51=G69,$P$52=G69,$P$53=G69,$P$54=G69,$P$55=G69,$P$56=G69,$P$57=G69,$P$58=G69)),$S$40,"2016") -> 2016 | L69: Unrated
B70: P0031 | C70: Emmanuel Maldonado | D70: Operations | F70: Charity Gross | G70: Basic People Management Skills | H70: Nominated | I70: =IF(F70=$C$40,$D$40, IF(F70=$C$41,$D$41, IF(F70=$C$42,$D$42, IF(F70=$C$43,$D$43, IF(F70=$C$44,$D$44, IF(F70=$C$45,$D$45, IF(F70=$C$46,$D$46, IF(F70=$C$47,$D$47, IF(F70=$C$48,$D$48, IF(F70=$C$49,$D$49, IF(F70=$C$50,$D$50, IF(F70=$C$51,$D$51, IF(F70=$C$52,$D$52, IF(F70=$C$53,$D$53, IF(F70=$C$54,$D$54, IF(F70=$C$55,$D$55, IF(F70=$C$56,$D$56, IF(F70=$C$57,$D$57, IF(F70=$C$58,$D$58, IF(F70=$C$59,$D$59, IF(F70=$C$60,$D$60, IF(F70=$C$61,$D$61, IF(F70=$C$62,$D$62, IF(F70=$C$63,$D$63, IF(F70=$C$64,$D$64, IF(F70=$C$65,$D$65, IF(F70=$C$66,$D$66, IF(F70=$C$67,$D$67, IF(F70=$C$68,$D$68, IF(F70=$C$69,$D$69, IF(F70=$C$70,$D$70, IF(F70=$C$71,$D$71, IF(F70=$C$72,$D$72, IF(F70=$C$73,$D$73, IF(F70=$C$74,$D$74, IF(F70=$C$75,$D$75, IF(F70=$C$76,$D$76, IF(F70=$C$77,$D$77, IF(F70=$C$78,$D$78, IF(F70=$C$79,$D$79, IF(F70=$C$80,$D$80, IF(F70=$C$81,$D$81, IF(F70=$C$82,$D$82, IF(F70=$C$83,$D$83, IF(F70=$C$84,$D$84, IF(F70=$C$85,$D$85, IF(F70=$C$86,$D$86, IF(F70=$C$87,$D$87, IF(F70=$C$88,$D$88, IF(F70=$C$89,$D$89, IF(F70=$C$90,$D$90, IF(F70=$C$91,$D$91, IF(F70=$C$92,$D$92, IF(F70=$C$93,$D$93, IF(F70=$C$94,$D$94, IF(F70=$C$95,$D$95, IF(F70=$C$96,$D$96, IF(F70=$C$97,$D$97, IF(F70=$C$98,$D$98, IF(F70=$C$99,$D$99, "No Department")))))))))))))))))))))))))))))))))))))))))))))))))))))))))))) -> HR | J70: =IF(G70=$P$40,$T$40, IF(G70=$P$41,$T$41, IF(G70=$P$42,$T$42, IF(G70=$P$43,$T$43, IF(G70=$P$44,$T$44, IF(G70=$P$45,$T$45, IF(G70=$P$46,$T$46, IF(G70=$P$47,$T$47, IF(G70=$P$48,$T$48, IF(G70=$P$49,$T$49, IF(G70=$P$50,$T$50, IF(G70=$P$51,$T$51, IF(G70=$P$52,$T$52, IF(G70=$P$53,$T$53, IF(G70=$P$54,$T$54, IF(G70=$P$55,$T$55, IF(G70=$P$56,$T$56, IF(G70=$P$57,$T$57, IF(G70=$P$58,$T$58, IF(G70=$P$59,$T$59, IF(G70=$P$60,$T$60, "no info"))))))))))))))))))))) -> 1 | K70: =IF((OR($P$40=G70,$P$41=G70,$P$42=G70,$P$43=G70,$P$44=G70,$P$45=G70,$P$46=G70,$P$47=G70,$P$48=G70,$P$49=G70,$P$50=G70,$P$51=G70,$P$52=G70,$P$53=G70,$P$54=G70,$P$55=G70,$P$56=G70,$P$57=G70,$P$58=G70)),$S$40,"2016") -> 2015 | L70: 1 - Disaster
B71: P0032 | C71: Felicity Gross | D71: IT | F71: Charity Gross | G71: Basic Advertising Skills | H71: Nominated | I71: =IF(F71=$C$40,$D$40, IF(F71=$C$41,$D$41, IF(F71=$C$42,$D$42, IF(F71=$C$43,$D$43, IF(F71=$C$44,$D$44, IF(F71=$C$45,$D$45, IF(F71=$C$46,$D$46, IF(F71=$C$47,$D$47, IF(F71=$C$48,$D$48, IF(F71=$C$49,$D$49, IF(F71=$C$50,$D$50, IF(F71=$C$51,$D$51, IF(F71=$C$52,$D$52, IF(F71=$C$53,$D$53, IF(F71=$C$54,$D$54, IF(F71=$C$55,$D$55, IF(F71=$C$56,$D$56, IF(F71=$C$57,$D$57, IF(F71=$C$58,$D$58, IF(F71=$C$59,$D$59, IF(F71=$C$60,$D$60, IF(F71=$C$61,$D$61, IF(F71=$C$62,$D$62, IF(F71=$C$63,$D$63, IF(F71=$C$64,$D$64, IF(F71=$C$65,$D$65, IF(F71=$C$66,$D$66, IF(F71=$C$67,$D$67, IF(F71=$C$68,$D$68, IF(F71=$C$69,$D$69, IF(F71=$C$70,$D$70, IF(F71=$C$71,$D$71, IF(F71=$C$72,$D$72, IF(F71=$C$73,$D$73, IF(F71=$C$74,$D$74, IF(F71=$C$75,$D$75, IF(F71=$C$76,$D$76, IF(F71=$C$77,$D$77, IF(F71=$C$78,$D$78, IF(F71=$C$79,$D$79, IF(F71=$C$80,$D$80, IF(F71=$C$81,$D$81, IF(F71=$C$82,$D$82, IF(F71=$C$83,$D$83, IF(F71=$C$84,$D$84, IF(F71=$C$85,$D$85, IF(F71=$C$86,$D$86, IF(F71=$C$87,$D$87, IF(F71=$C$88,$D$88, IF(F71=$C$89,$D$89, IF(F71=$C$90,$D$90, IF(F71=$C$91,$D$91, IF(F71=$C$92,$D$92, IF(F71=$C$93,$D$93, IF(F71=$C$94,$D$94, IF(F71=$C$95,$D$95, IF(F71=$C$96,$D$96, IF(F71=$C$97,$D$97, IF(F71=$C$98,$D$98, IF(F71=$C$99,$D$99, "No Department")))))))))))))))))))))))))))))))))))))))))))))))))))))))))))) -> HR | J71: =IF(G71=$P$40,$T$40, IF(G71=$P$41,$T$41, IF(G71=$P$42,$T$42, IF(G71=$P$43,$T$43, IF(G71=$P$44,$T$44, IF(G71=$P$45,$T$45, IF(G71=$P$46,$T$46, IF(G71=$P$47,$T$47, IF(G71=$P$48,$T$48, IF(G71=$P$49,$T$49, IF(G71=$P$50,$T$50, IF(G71=$P$51,$T$51, IF(G71=$P$52,$T$52, IF(G71=$P$53,$T$53, IF(G71=$P$54,$T$54, IF(G71=$P$55,$T$55, IF(G71=$P$56,$T$56, IF(G71=$P$57,$T$57, IF(G71=$P$58,$T$58, IF(G71=$P$59,$T$59, IF(G71=$P$60,$T$60, "no info"))))))))))))))))))))) -> 1 | K71: =IF((OR($P$40=G71,$P$41=G71,$P$42=G71,$P$43=G71,$P$44=G71,$P$45=G71,$P$46=G71,$P$47=G71,$P$48=G71,$P$49=G71,$P$50=G71,$P$51=G71,$P$52=G71,$P$53=G71,$P$54=G71,$P$55=G71,$P$56=G71,$P$57=G71,$P$58=G71)),$S$40,"2016") -> 2015 | L71: 3 - Average
B72: P0033 | C72: George Mahood | D72: Marketing | F72: Charity Gross | G72: Basic Advertising Skills | H72: Nominated | I72: =IF(F72=$C$40,$D$40, IF(F72=$C$41,$D$41, IF(F72=$C$42,$D$42, IF(F72=$C$43,$D$43, IF(F72=$C$44,$D$44, IF(F72=$C$45,$D$45, IF(F72=$C$46,$D$46, IF(F72=$C$47,$D$47, IF(F72=$C$48,$D$48, IF(F72=$C$49,$D$49, IF(F72=$C$50,$D$50, IF(F72=$C$51,$D$51, IF(F72=$C$52,$D$52, IF(F72=$C$53,$D$53, IF(F72=$C$54,$D$54, IF(F72=$C$55,$D$55, IF(F72=$C$56,$D$56, IF(F72=$C$57,$D$57, IF(F72=$C$58,$D$58, IF(F72=$C$59,$D$59, IF(F72=$C$60,$D$60, IF(F72=$C$61,$D$61, IF(F72=$C$62,$D$62, IF(F72=$C$63,$D$63, IF(F72=$C$64,$D$64, IF(F72=$C$65,$D$65, IF(F72=$C$66,$D$66, IF(F72=$C$67,$D$67, IF(F72=$C$68,$D$68, IF(F72=$C$69,$D$69, IF(F72=$C$70,$D$70, IF(F72=$C$71,$D$71, IF(F72=$C$72,$D$72, IF(F72=$C$73,$D$73, IF(F72=$C$74,$D$74, IF(F72=$C$75,$D$75, IF(F72=$C$76,$D$76, IF(F72=$C$77,$D$77, IF(F72=$C$78,$D$78, IF(F72=$C$79,$D$79, IF(F72=$C$80,$D$80, IF(F72=$C$81,$D$81, IF(F72=$C$82,$D$82, IF(F72=$C$83,$D$83, IF(F72=$C$84,$D$84, IF(F72=$C$85,$D$85, IF(F72=$C$86,$D$86, IF(F72=$C$87,$D$87, IF(F72=$C$88,$D$88, IF(F72=$C$89,$D$89, IF(F72=$C$90,$D$90, IF(F72=$C$91,$D$91, IF(F72=$C$92,$D$92, IF(F72=$C$93,$D$93, IF(F72=$C$94,$D$94, IF(F72=$C$95,$D$95, IF(F72=$C$96,$D$96, IF(F72=$C$97,$D$97, IF(F72=$C$98,$D$98, IF(F72=$C$99,$D$99, "No Department")))))))))))))))))))))))))))))))))))))))))))))))))))))))))))) -> HR | J72: =IF(G72=$P$40,$T$40, IF(G72=$P$41,$T$41, IF(G72=$P$42,$T$42, IF(G72=$P$43,$T$43, IF(G72=$P$44,$T$44, IF(G72=$P$45,$T$45, IF(G72=$P$46,$T$46, IF(G72=$P$47,$T$47, IF(G72=$P$48,$T$48, IF(G72=$P$49,$T$49, IF(G72=$P$50,$T$50, IF(G72=$P$51,$T$51, IF(G72=$P$52,$T$52, IF(G72=$P$53,$T$53, IF(G72=$P$54,$T$54, IF(G72=$P$55,$T$55, IF(G72=$P$56,$T$56, IF(G72=$P$57,$T$57, IF(G72=$P$58,$T$58, IF(G72=$P$59,$T$59, IF(G72=$P$60,$T$60, "no info"))))))))))))))))))))) -> 1 | K72: =IF((OR($P$40=G72,$P$41=G72,$P$42=G72,$P$43=G72,$P$44=G72,$P$45=G72,$P$46=G72,$P$47=G72,$P$48=G72,$P$49=G72,$P$50=G72,$P$51=G72,$P$52=G72,$P$53=G72,$P$54=G72,$P$55=G72,$P$56=G72,$P$57=G72,$P$58=G72)),$S$40,"2016") -> 2015 | L72: 1 - Disaster
... B139: P0100 | C139: Zeph Gill | D139: Marketing | F139: Kenneth Gallagher | G139: Basic Project Management Methods | H139: Nominated | I139: =IF(F139=$C$40,$D$40, IF(F139=$C$41,$D$41, IF(F139=$C$42,$D$42, IF(F139=$C$43,$D$43, IF(F139=$C$44,$D$44, IF(F139=$C$45,$D$45, IF(F139=$C$46,$D$46, IF(F139=$C$47,$D$47, IF(F139=$C$48,$D$48, IF(F139=$C$49,$D$49, IF(F139=$C$50,$D$50, IF(F139=$C$51,$D$51, IF(F139=$C$52,$D$52, IF(F139=$C$53,$D$53, IF(F139=$C$54,$D$54, IF(F139=$C$55,$D$55, IF(F139=$C$56,$D$56, IF(F139=$C$57,$D$57, IF(F139=$C$58,$D$58, IF(F139=$C$59,$D$59, IF(F139=$C$60,$D$60, IF(F139=$C$61,$D$61, IF(F139=$C$62,$D$62, IF(F139=$C$63,$D$63, IF(F139=$C$64,$D$64, IF(F139=$C$65,$D$65, IF(F139=$C$66,$D$66, IF(F139=$C$67,$D$67, IF(F139=$C$68,$D$68, IF(F139=$C$69,$D$69, IF(F139=$C$70,$D$70, IF(F139=$C$71,$D$71, IF(F139=$C$72,$D$72, IF(F139=$C$73,$D$73, IF(F139=$C$74,$D$74, IF(F139=$C$75,$D$75, IF(F139=$C$76,$D$76, IF(F139=$C$77,$D$77, IF(F139=$C$78,$D$78, IF(F139=$C$79,$D$79, IF(F139=$C$80,$D$80, IF(F139=$C$81,$D$81, IF(F139=$C$82,$D$82, IF(F139=$C$83,$D$83, IF(F139=$C$84,$D$84, IF(F139=$C$85,$D$85, IF(F139=$C$86,$D$86, IF(F139=$C$87,$D$87, IF(F139=$C$88,$D$88, IF(F139=$C$89,$D$89, IF(F139=$C$90,$D$90, IF(F139=$C$91,$D$91, IF(F139=$C$92,$D$92, IF(F139=$C$93,$D$93, IF(F139=$C$94,$D$94, IF(F139=$C$95,$D$95, IF(F139=$C$96,$D$96, IF(F139=$C$97,$D$97, IF(F139=$C$98,$D$98, IF(F139=$C$99,$D$99, "No Department")))))))))))))))))))))))))))))))))))))))))))))))))))))))))))) -> Sales | J139: =IF(G139=$P$40,$T$40, IF(G139=$P$41,$T$41, IF(G139=$P$42,$T$42, IF(G139=$P$43,$T$43, IF(G139=$P$44,$T$44, IF(G139=$P$45,$T$45, IF(G139=$P$46,$T$46, IF(G139=$P$47,$T$47, IF(G139=$P$48,$T$48, IF(G139=$P$49,$T$49, IF(G139=$P$50,$T$50, IF(G139=$P$51,$T$51, IF(G139=$P$52,$T$52, IF(G139=$P$53,$T$53, IF(G139=$P$54,$T$54, IF(G139=$P$55,$T$55, IF(G139=$P$56,$T$56, IF(G139=$P$57,$T$57, IF(G139=$P$58,$T$58, IF(G139=$P$59,$T$59, IF(G139=$P$60,$T$60, "no info"))))))))))))))))))))) -> 1 | K139: =IF((OR($P$40=G139,$P$41=G139,$P$42=G139,$P$43=G139,$P$44=G139,$P$45=G139,$P$46=G139,$P$47=G139,$P$48=G139,$P$49=G139,$P$50=G139,$P$51=G139,$P$52=G139,$P$53=G139,$P$54=G139,$P$55=G139,$P$56=G139,$P$57=G139,$P$58=G139)),$S$40,"2016") -> 2015 | L139: 5 - Very happy
F140: Kieran Wilson | G140: Advanced Sales Methods | H140: Nominated | I140: =IF(F140=$C$40,$D$40, IF(F140=$C$41,$D$41, IF(F140=$C$42,$D$42, IF(F140=$C$43,$D$43, IF(F140=$C$44,$D$44, IF(F140=$C$45,$D$45, IF(F140=$C$46,$D$46, IF(F140=$C$47,$D$47, IF(F140=$C$48,$D$48, IF(F140=$C$49,$D$49, IF(F140=$C$50,$D$50, IF(F140=$C$51,$D$51, IF(F140=$C$52,$D$52, IF(F140=$C$53,$D$53, IF(F140=$C$54,$D$54, IF(F140=$C$55,$D$55, IF(F140=$C$56,$D$56, IF(F140=$C$57,$D$57, IF(F140=$C$58,$D$58, IF(F140=$C$59,$D$59, IF(F140=$C$60,$D$60, IF(F140=$C$61,$D$61, IF(F140=$C$62,$D$62, IF(F140=$C$63,$D$63, IF(F140=$C$64,$D$64, IF(F140=$C$65,$D$65, IF(F140=$C$66,$D$66, IF(F140=$C$67,$D$67, IF(F140=$C$68,$D$68, IF(F140=$C$69,$D$69, IF(F140=$C$70,$D$70, IF(F140=$C$71,$D$71, IF(F140=$C$72,$D$72, IF(F140=$C$73,$D$73, IF(F140=$C$74,$D$74, IF(F140=$C$75,$D$75, IF(F140=$C$76,$D$76, IF(F140=$C$77,$D$77, IF(F140=$C$78,$D$78, IF(F140=$C$79,$D$79, IF(F140=$C$80,$D$80, IF(F140=$C$81,$D$81, IF(F140=$C$82,$D$82, IF(F140=$C$83,$D$83, IF(F140=$C$84,$D$84, IF(F140=$C$85,$D$85, IF(F140=$C$86,$D$86, IF(F140=$C$87,$D$87, IF(F140=$C$88,$D$88, IF(F140=$C$89,$D$89, IF(F140=$C$90,$D$90, IF(F140=$C$91,$D$91, IF(F140=$C$92,$D$92, IF(F140=$C$93,$D$93, IF(F140=$C$94,$D$94, IF(F140=$C$95,$D$95, IF(F140=$C$96,$D$96, IF(F140=$C$97,$D$97, IF(F140=$C$98,$D$98, IF(F140=$C$99,$D$99, "No Department")))))))))))))))))))))))))))))))))))))))))))))))))))))))))))) -> IT | J140: =IF(G140=$P$40,$T$40, IF(G140=$P$41,$T$41, IF(G140=$P$42,$T$42, IF(G140=$P$43,$T$43, IF(G140=$P$44,$T$44, IF(G140=$P$45,$T$45, IF(G140=$P$46,$T$46, IF(G140=$P$47,$T$47, IF(G140=$P$48,$T$48, IF(G140=$P$49,$T$49, IF(G140=$P$50,$T$50, IF(G140=$P$51,$T$51, IF(G140=$P$52,$T$52, IF(G140=$P$53,$T$53, IF(G140=$P$54,$T$54, IF(G140=$P$55,$T$55, IF(G140=$P$56,$T$56, IF(G140=$P$57,$T$57, IF(G140=$P$58,$T$58, IF(G140=$P$59,$T$59, IF(G140=$P$60,$T$60, "no info"))))))))))))))))))))) -> 0.5 | K140: =IF((OR($P$40=G140,$P$41=G140,$P$42=G140,$P$43=G140,$P$44=G140,$P$45=G140,$P$46=G140,$P$47=G140,$P$48=G140,$P$49=G140,$P$50=G140,$P$51=G140,$P$52=G140,$P$53=G140,$P$54=G140,$P$55=G140,$P$56=G140,$P$57=G140,$P$58=G140)),$S$40,"2016") -> 2015 | L140: 3 - Average
F141: Kieran Wilson | G141: Advanced People Management Techniques | H141: Nominated | I141: =IF(F141=$C$40,$D$40, IF(F141=$C$41,$D$41, IF(F141=$C$42,$D$42, IF(F141=$C$43,$D$43, IF(F141=$C$44,$D$44, IF(F141=$C$45,$D$45, IF(F141=$C$46,$D$46, IF(F141=$C$47,$D$47, IF(F141=$C$48,$D$48, IF(F141=$C$49,$D$49, IF(F141=$C$50,$D$50, IF(F141=$C$51,$D$51, IF(F141=$C$52,$D$52, IF(F141=$C$53,$D$53, IF(F141=$C$54,$D$54, IF(F141=$C$55,$D$55, IF(F141=$C$56,$D$56, IF(F141=$C$57,$D$57, IF(F141=$C$58,$D$58, IF(F141=$C$59,$D$59, IF(F141=$C$60,$D$60, IF(F141=$C$61,$D$61, IF(F141=$C$62,$D$62, IF(F141=$C$63,$D$63, IF(F141=$C$64,$D$64, IF(F141=$C$65,$D$65, IF(F141=$C$66,$D$66, IF(F141=$C$67,$D$67, IF(F141=$C$68,$D$68, IF(F141=$C$69,$D$69, IF(F141=$C$70,$D$70, IF(F141=$C$71,$D$71, IF(F141=$C$72,$D$72, IF(F141=$C$73,$D$73, IF(F141=$C$74,$D$74, IF(F141=$C$75,$D$75, IF(F141=$C$76,$D$76, IF(F141=$C$77,$D$77, IF(F141=$C$78,$D$78, IF(F141=$C$79,$D$79, IF(F141=$C$80,$D$80, IF(F141=$C$81,$D$81, IF(F141=$C$82,$D$82, IF(F141=$C$83,$D$83, IF(F141=$C$84,$D$84, IF(F141=$C$85,$D$85, IF(F141=$C$86,$D$86, IF(F141=$C$87,$D$87, IF(F141=$C$88,$D$88, IF(F141=$C$89,$D$89, IF(F141=$C$90,$D$90, IF(F141=$C$91,$D$91, IF(F141=$C$92,$D$92, IF(F141=$C$93,$D$93, IF(F141=$C$94,$D$94, IF(F141=$C$95,$D$95, IF(F141=$C$96,$D$96, IF(F141=$C$97,$D$97, IF(F141=$C$98,$D$98, IF(F141=$C$99,$D$99, "No Department")))))))))))))))))))))))))))))))))))))))))))))))))))))))))))) -> IT | J141: =IF(G141=$P$40,$T$40, IF(G141=$P$41,$T$41, IF(G141=$P$42,$T$42, IF(G141=$P$43,$T$43, IF(G141=$P$44,$T$44, IF(G141=$P$45,$T$45, IF(G141=$P$46,$T$46, IF(G141=$P$47,$T$47, IF(G141=$P$48,$T$48, IF(G141=$P$49,$T$49, IF(G141=$P$50,$T$50, IF(G141=$P$51,$T$51, IF(G141=$P$52,$T$52, IF(G141=$P$53,$T$53, IF(G141=$P$54,$T$54, IF(G141=$P$55,$T$55, IF(G141=$P$56,$T$56, IF(G141=$P$57,$T$57, IF(G141=$P$58,$T$58, IF(G141=$P$59,$T$59, IF(G141=$P$60,$T$60, "no info"))))))))))))))))))))) -> 1 | K141: =IF((OR($P$40=G141,$P$41=G141,$P$42=G141,$P$43=G141,$P$44=G141,$P$45=G141,$P$46=G141,$P$47=G141,$P$48=G141,$P$49=G141,$P$50=G141,$P$51=G141,$P$52=G141,$P$53=G141,$P$54=G141,$P$55=G141,$P$56=G141,$P$57=G141,$P$58=G141)),$S$40,"2016") -> 2015 | L141: 5 - Very happy
F142: Kyla Spears | G142: Basic People Management Skills | H142: Nominated | I142: =IF(F142=$C$100,$D$100, IF(F142=$C$101,$D$101, IF(F142=$C$102,$D$102, IF(F142=$C$103,$D$103, IF(F142=$C$104,$D$104, IF(F142=$C$105,$D$105, IF(F142=$C$106,$D$106, IF(F142=$C$107,$D$107, IF(F142=$C$108,$D$108, IF(F142=$C$109,$D$109, IF(F142=$C$110,$D$110, IF(F142=$C$111,$D$111, IF(F142=$C$112,$D$112, IF(F142=$C$113,$D$113, IF(F142=$C$114,$D$114, IF(F142=$C$115,$D$115, IF(F142=$C$116,$D$116, IF(F142=$C$117,$D$117, IF(F142=$C$118,$D$118, IF(F142=$C$119,$D$119, IF(F142=$C$120,$D$120, IF(F142=$C$121,$D$121, IF(F142=$C$122,$D$122, IF(F142=$C$123,$D$123, IF(F142=$C$124,$D$124, IF(F142=$C$125,$D$125, IF(F142=$C$126,$D$126, IF(F142=$C$127,$D$127, IF(F142=$C$128,$D$128, IF(F142=$C$129,$D$129, IF(F142=$C$130,$D$130, IF(F142=$C$131,$D$131, IF(F142=$C$132,$D$132, IF(F142=$C$133,$D$133, IF(F142=$C$134,$D$134, IF(F142=$C$135,$D$135, IF(F142=$C$136,$D$136, IF(F142=$C$137,$D$137, IF(F142=$C$138,$D$138, IF(F142=$C$139,$D$139, "No Department")))))))))))))))))))))))))))))))))))))))) -> HR | J142: =IF(G142=$P$40,$T$40, IF(G142=$P$41,$T$41, IF(G142=$P$42,$T$42, IF(G142=$P$43,$T$43, IF(G142=$P$44,$T$44, IF(G142=$P$45,$T$45, IF(G142=$P$46,$T$46, IF(G142=$P$47,$T$47, IF(G142=$P$48,$T$48, IF(G142=$P$49,$T$49, IF(G142=$P$50,$T$50, IF(G142=$P$51,$T$51, IF(G142=$P$52,$T$52, IF(G142=$P$53,$T$53, IF(G142=$P$54,$T$54, IF(G142=$P$55,$T$55, IF(G142=$P$56,$T$56, IF(G142=$P$57,$T$57, IF(G142=$P$58,$T$58, IF(G142=$P$59,$T$59, IF(G142=$P$60,$T$60, "no info"))))))))))))))))))))) -> 1 | K142: =IF((OR($P$40=G142,$P$41=G142,$P$42=G142,$P$43=G142,$P$44=G142,$P$45=G142,$P$46=G142,$P$47=G142,$P$48=G142,$P$49=G142,$P$50=G142,$P$51=G142,$P$52=G142,$P$53=G142,$P$54=G142,$P$55=G142,$P$56=G142,$P$57=G142,$P$58=G142)),$S$40,"2016") -> 2015 | L142: 3 - Average
F143: Lionel Joseph | G143: Basic Advertising Techniques | H143: Nominated | I143: =IF(F143=$C$100,$D$100, IF(F143=$C$101,$D$101, IF(F143=$C$102,$D$102, IF(F143=$C$103,$D$103, IF(F143=$C$104,$D$104, IF(F143=$C$105,$D$105, IF(F143=$C$106,$D$106, IF(F143=$C$107,$D$107, IF(F143=$C$108,$D$108, IF(F143=$C$109,$D$109, IF(F143=$C$110,$D$110, IF(F143=$C$111,$D$111, IF(F143=$C$112,$D$112, IF(F143=$C$113,$D$113, IF(F143=$C$114,$D$114, IF(F143=$C$115,$D$115, IF(F143=$C$116,$D$116, IF(F143=$C$117,$D$117, IF(F143=$C$118,$D$118, IF(F143=$C$119,$D$119, IF(F143=$C$120,$D$120, IF(F143=$C$121,$D$121, IF(F143=$C$122,$D$122, IF(F143=$C$123,$D$123, IF(F143=$C$124,$D$124, IF(F143=$C$125,$D$125, IF(F143=$C$126,$D$126, IF(F143=$C$127,$D$127, IF(F143=$C$128,$D$128, IF(F143=$C$129,$D$129, IF(F143=$C$130,$D$130, IF(F143=$C$131,$D$131, IF(F143=$C$132,$D$132, IF(F143=$C$133,$D$133, IF(F143=$C$134,$D$134, IF(F143=$C$135,$D$135, IF(F143=$C$136,$D$136, IF(F143=$C$137,$D$137, IF(F143=$C$138,$D$138, IF(F143=$C$139,$D$139, "No Department")))))))))))))))))))))))))))))))))))))))) -> HR | J143: =IF(G143=$P$40,$T$40, IF(G143=$P$41,$T$41, IF(G143=$P$42,$T$42, IF(G143=$P$43,$T$43, IF(G143=$P$44,$T$44, IF(G143=$P$45,$T$45, IF(G143=$P$46,$T$46, IF(G143=$P$47,$T$47, IF(G143=$P$48,$T$48, IF(G143=$P$49,$T$49, IF(G143=$P$50,$T$50, IF(G143=$P$51,$T$51, IF(G143=$P$52,$T$52, IF(G143=$P$53,$T$53, IF(G143=$P$54,$T$54, IF(G143=$P$55,$T$55, IF(G143=$P$56,$T$56, IF(G143=$P$57,$T$57, IF(G143=$P$58,$T$58, IF(G143=$P$59,$T$59, IF(G143=$P$60,$T$60, "no info"))))))))))))))))))))) -> 1 | K143: =IF((OR($P$40=G143,$P$41=G143,$P$42=G143,$P$43=G143,$P$44=G143,$P$45=G143,$P$46=G143,$P$47=G143,$P$48=G143,$P$49=G143,$P$50=G143,$P$51=G143,$P$52=G143,$P$53=G143,$P$54=G143,$P$55=G143,$P$56=G143,$P$57=G143,$P$58=G143)),$S$40,"2016") -> 2015 | L143: 5 - Very happy
F144: Lydia Wolfe | G144: Basic Business Skills | H144: Nominated | I144: =IF(F144=$C$100,$D$100, IF(F144=$C$101,$D$101, IF(F144=$C$102,$D$102, IF(F144=$C$103,$D$103, IF(F144=$C$104,$D$104, IF(F144=$C$105,$D$105, IF(F144=$C$106,$D$106, IF(F144=$C$107,$D$107, IF(F144=$C$108,$D$108, IF(F144=$C$109,$D$109, IF(F144=$C$110,$D$110, IF(F144=$C$111,$D$111, IF(F144=$C$112,$D$112, IF(F144=$C$113,$D$113, IF(F144=$C$114,$D$114, IF(F144=$C$115,$D$115, IF(F144=$C$116,$D$116, IF(F144=$C$117,$D$117, IF(F144=$C$118,$D$118, IF(F144=$C$119,$D$119, IF(F144=$C$120,$D$120, IF(F144=$C$121,$D$121, IF(F144=$C$122,$D$122, IF(F144=$C$123,$D$123, IF(F144=$C$124,$D$124, IF(F144=$C$125,$D$125, IF(F144=$C$126,$D$126, IF(F144=$C$127,$D$127, IF(F144=$C$128,$D$128, IF(F144=$C$129,$D$129, IF(F144=$C$130,$D$130, IF(F144=$C$131,$D$131, IF(F144=$C$132,$D$132, IF(F144=$C$133,$D$133, IF(F144=$C$134,$D$134, IF(F144=$C$135,$D$135, IF(F144=$C$136,$D$136, IF(F144=$C$137,$D$137, IF(F144=$C$138,$D$138, IF(F144=$C$139,$D$139, "No Department")))))))))))))))))))))))))))))))))))))))) -> Sales | J144: =IF(G144=$P$40,$T$40, IF(G144=$P$41,$T$41, IF(G144=$P$42,$T$42, IF(G144=$P$43,$T$43, IF(G144=$P$44,$T$44, IF(G144=$P$45,$T$45, IF(G144=$P$46,$T$46, IF(G144=$P$47,$T$47, IF(G144=$P$48,$T$48, IF(G144=$P$49,$T$49, IF(G144=$P$50,$T$50, IF(G144=$P$51,$T$51, IF(G144=$P$52,$T$52, IF(G144=$P$53,$T$53, IF(G144=$P$54,$T$54, IF(G144=$P$55,$T$55, IF(G144=$P$56,$T$56, IF(G144=$P$57,$T$57, IF(G144=$P$58,$T$58, IF(G144=$P$59,$T$59, IF(G144=$P$60,$T$60, "no info"))))))))))))))))))))) -> 1 | K144: =IF((OR($P$40=G144,$P$41=G144,$P$42=G144,$P$43=G144,$P$44=G144,$P$45=G144,$P$46=G144,$P$47=G144,$P$48=G144,$P$49=G144,$P$50=G144,$P$51=G144,$P$52=G144,$P$53=G144,$P$54=G144,$P$55=G144,$P$56=G144,$P$57=G144,$P$58=G144)),$S$40,"2016") -> 2015 | L144: 3 - Average
F145: Madonna Hines | G145: Advanced Business Methods | H145: Nominated | I145: =IF(F145=$C$100,$D$100, IF(F145=$C$101,$D$101, IF(F145=$C$102,$D$102, IF(F145=$C$103,$D$103, IF(F145=$C$104,$D$104, IF(F145=$C$105,$D$105, IF(F145=$C$106,$D$106, IF(F145=$C$107,$D$107, IF(F145=$C$108,$D$108, IF(F145=$C$109,$D$109, IF(F145=$C$110,$D$110, IF(F145=$C$111,$D$111, IF(F145=$C$112,$D$112, IF(F145=$C$113,$D$113, IF(F145=$C$114,$D$114, IF(F145=$C$115,$D$115, IF(F145=$C$116,$D$116, IF(F145=$C$117,$D$117, IF(F145=$C$118,$D$118, IF(F145=$C$119,$D$119, IF(F145=$C$120,$D$120, IF(F145=$C$121,$D$121, IF(F145=$C$122,$D$122, IF(F145=$C$123,$D$123, IF(F145=$C$124,$D$124, IF(F145=$C$125,$D$125, IF(F145=$C$126,$D$126, IF(F145=$C$127,$D$127, IF(F145=$C$128,$D$128, IF(F145=$C$129,$D$129, IF(F145=$C$130,$D$130, IF(F145=$C$131,$D$131, IF(F145=$C$132,$D$132, IF(F145=$C$133,$D$133, IF(F145=$C$134,$D$134, IF(F145=$C$135,$D$135, IF(F145=$C$136,$D$136, IF(F145=$C$137,$D$137, IF(F145=$C$138,$D$138, IF(F145=$C$139,$D$139, "No Department")))))))))))))))))))))))))))))))))))))))) -> HR | J145: =IF(G145=$P$40,$T$40, IF(G145=$P$41,$T$41, IF(G145=$P$42,$T$42, IF(G145=$P$43,$T$43, IF(G145=$P$44,$T$44, IF(G145=$P$45,$T$45, IF(G145=$P$46,$T$46, IF(G145=$P$47,$T$47, IF(G145=$P$48,$T$48, IF(G145=$P$49,$T$49, IF(G145=$P$50,$T$50, IF(G145=$P$51,$T$51, IF(G145=$P$52,$T$52, IF(G145=$P$53,$T$53, IF(G145=$P$54,$T$54, IF(G145=$P$55,$T$55, IF(G145=$P$56,$T$56, IF(G145=$P$57,$T$57, IF(G145=$P$58,$T$58, IF(G145=$P$59,$T$59, IF(G145=$P$60,$T$60, "no info"))))))))))))))))))))) -> 1 | K145: =IF((OR($P$40=G145,$P$41=G145,$P$42=G145,$P$43=G145,$P$44=G145,$P$45=G145,$P$46=G145,$P$47=G145,$P$48=G145,$P$49=G145,$P$50=G145,$P$51=G145,$P$52=G145,$P$53=G145,$P$54=G145,$P$55=G145,$P$56=G145,$P$57=G145,$P$58=G145)),$S$40,"2016") -> 2016 | L145: Unrated
F146: Madonna Hines | G146: Basic People Management Skills | H146: Nominated | I146: =IF(F146=$C$100,$D$100, IF(F146=$C$101,$D$101, IF(F146=$C$102,$D$102, IF(F146=$C$103,$D$103, IF(F146=$C$104,$D$104, IF(F146=$C$105,$D$105, IF(F146=$C$106,$D$106, IF(F146=$C$107,$D$107, IF(F146=$C$108,$D$108, IF(F146=$C$109,$D$109, IF(F146=$C$110,$D$110, IF(F146=$C$111,$D$111, IF(F146=$C$112,$D$112, IF(F146=$C$113,$D$113, IF(F146=$C$114,$D$114, IF(F146=$C$115,$D$115, IF(F146=$C$116,$D$116, IF(F146=$C$117,$D$117, IF(F146=$C$118,$D$118, IF(F146=$C$119,$D$119, IF(F146=$C$120,$D$120, IF(F146=$C$121,$D$121, IF(F146=$C$122,$D$122, IF(F146=$C$123,$D$123, IF(F146=$C$124,$D$124, IF(F146=$C$125,$D$125, IF(F146=$C$126,$D$126, IF(F146=$C$127,$D$127, IF(F146=$C$128,$D$128, IF(F146=$C$129,$D$129, IF(F146=$C$130,$D$130, IF(F146=$C$131,$D$131, IF(F146=$C$132,$D$132, IF(F146=$C$133,$D$133, IF(F146=$C$134,$D$134, IF(F146=$C$135,$D$135, IF(F146=$C$136,$D$136, IF(F146=$C$137,$D$137, IF(F146=$C$138,$D$138, IF(F146=$C$139,$D$139, "No Department")))))))))))))))))))))))))))))))))))))))) -> HR | J146: =IF(G146=$P$40,$T$40, IF(G146=$P$41,$T$41, IF(G146=$P$42,$T$42, IF(G146=$P$43,$T$43, IF(G146=$P$44,$T$44, IF(G146=$P$45,$T$45, IF(G146=$P$46,$T$46, IF(G146=$P$47,$T$47, IF(G146=$P$48,$T$48, IF(G146=$P$49,$T$49, IF(G146=$P$50,$T$50, IF(G146=$P$51,$T$51, IF(G146=$P$52,$T$52, IF(G146=$P$53,$T$53, IF(G146=$P$54,$T$54, IF(G146=$P$55,$T$55, IF(G146=$P$56,$T$56, IF(G146=$P$57,$T$57, IF(G146=$P$58,$T$58, IF(G146=$P$59,$T$59, IF(G146=$P$60,$T$60, "no info"))))))))))))))))))))) -> 1 | K146: =IF((OR($P$40=G146,$P$41=G146,$P$42=G146,$P$43=G146,$P$44=G146,$P$45=G146,$P$46=G146,$P$47=G146,$P$48=G146,$P$49=G146,$P$50=G146,$P$51=G146,$P$52=G146,$P$53=G146,$P$54=G146,$P$55=G146,$P$56=G146,$P$57=G146,$P$58=G146)),$S$40,"2016") -> 2015 | L146: 5 - Very happy
F147: Madonna Hines | G147: Basic Project Management Methods | H147: Nominated | I147: =IF(F147=$C$100,$D$100, IF(F147=$C$101,$D$101, IF(F147=$C$102,$D$102, IF(F147=$C$103,$D$103, IF(F147=$C$104,$D$104, IF(F147=$C$105,$D$105, IF(F147=$C$106,$D$106, IF(F147=$C$107,$D$107, IF(F147=$C$108,$D$108, IF(F147=$C$109,$D$109, IF(F147=$C$110,$D$110, IF(F147=$C$111,$D$111, IF(F147=$C$112,$D$112, IF(F147=$C$113,$D$113, IF(F147=$C$114,$D$114, IF(F147=$C$115,$D$115, IF(F147=$C$116,$D$116, IF(F147=$C$117,$D$117, IF(F147=$C$118,$D$118, IF(F147=$C$119,$D$119, IF(F147=$C$120,$D$120, IF(F147=$C$121,$D$121, IF(F147=$C$122,$D$122, IF(F147=$C$123,$D$123, IF(F147=$C$124,$D$124, IF(F147=$C$125,$D$125, IF(F147=$C$126,$D$126, IF(F147=$C$127,$D$127, IF(F147=$C$128,$D$128, IF(F147=$C$129,$D$129, IF(F147=$C$130,$D$130, IF(F147=$C$131,$D$131, IF(F147=$C$132,$D$132, IF(F147=$C$133,$D$133, IF(F147=$C$134,$D$134, IF(F147=$C$135,$D$135, IF(F147=$C$136,$D$136, IF(F147=$C$137,$D$137, IF(F147=$C$138,$D$138, IF(F147=$C$139,$D$139, "No Department")))))))))))))))))))))))))))))))))))))))) -> HR | J147: =IF(G147=$P$40,$T$40, IF(G147=$P$41,$T$41, IF(G147=$P$42,$T$42, IF(G147=$P$43,$T$43, IF(G147=$P$44,$T$44, IF(G147=$P$45,$T$45, IF(G147=$P$46,$T$46, IF(G147=$P$47,$T$47, IF(G147=$P$48,$T$48, IF(G147=$P$49,$T$49, IF(G147=$P$50,$T$50, IF(G147=$P$51,$T$51, IF(G147=$P$52,$T$52, IF(G147=$P$53,$T$53, IF(G147=$P$54,$T$54, IF(G147=$P$55,$T$55, IF(G147=$P$56,$T$56, IF(G147=$P$57,$T$57, IF(G147=$P$58,$T$58, IF(G147=$P$59,$T$59, IF(G147=$P$60,$T$60, "no info"))))))))))))))))))))) -> 1 | K147: =IF((OR($P$40=G147,$P$41=G147,$P$42=G147,$P$43=G147,$P$44=G147,$P$45=G147,$P$46=G147,$P$47=G147,$P$48=G147,$P$49=G147,$P$50=G147,$P$51=G147,$P$52=G147,$P$53=G147,$P$54=G147,$P$55=G147,$P$56=G147,$P$57=G147,$P$58=G147)),$S$40,"2016") -> 2015 | L147: 5 - Very happy
F148: Mallory Carlson | G148: Advanced Project Management Skills | H148: Nominated | I148: =IF(F148=$C$100,$D$100, IF(F148=$C$101,$D$101, IF(F148=$C$102,$D$102, IF(F148=$C$103,$D$103, IF(F148=$C$104,$D$104, IF(F148=$C$105,$D$105, IF(F148=$C$106,$D$106, IF(F148=$C$107,$D$107, IF(F148=$C$108,$D$108, IF(F148=$C$109,$D$109, IF(F148=$C$110,$D$110, IF(F148=$C$111,$D$111, IF(F148=$C$112,$D$112, IF(F148=$C$113,$D$113, IF(F148=$C$114,$D$114, IF(F148=$C$115,$D$115, IF(F148=$C$116,$D$116, IF(F148=$C$117,$D$117, IF(F148=$C$118,$D$118, IF(F148=$C$119,$D$119, IF(F148=$C$120,$D$120, IF(F148=$C$121,$D$121, IF(F148=$C$122,$D$122, IF(F148=$C$123,$D$123, IF(F148=$C$124,$D$124, IF(F148=$C$125,$D$125, IF(F148=$C$126,$D$126, IF(F148=$C$127,$D$127, IF(F148=$C$128,$D$128, IF(F148=$C$129,$D$129, IF(F148=$C$130,$D$130, IF(F148=$C$131,$D$131, IF(F148=$C$132,$D$132, IF(F148=$C$133,$D$133, IF(F148=$C$134,$D$134, IF(F148=$C$135,$D$135, IF(F148=$C$136,$D$136, IF(F148=$C$137,$D$137, IF(F148=$C$138,$D$138, IF(F148=$C$139,$D$139, "No Department")))))))))))))))))))))))))))))))))))))))) -> IT | J148: =IF(G148=$P$40,$T$40, IF(G148=$P$41,$T$41, IF(G148=$P$42,$T$42, IF(G148=$P$43,$T$43, IF(G148=$P$44,$T$44, IF(G148=$P$45,$T$45, IF(G148=$P$46,$T$46, IF(G148=$P$47,$T$47, IF(G148=$P$48,$T$48, IF(G148=$P$49,$T$49, IF(G148=$P$50,$T$50, IF(G148=$P$51,$T$51, IF(G148=$P$52,$T$52, IF(G148=$P$53,$T$53, IF(G148=$P$54,$T$54, IF(G148=$P$55,$T$55, IF(G148=$P$56,$T$56, IF(G148=$P$57,$T$57, IF(G148=$P$58,$T$58, IF(G148=$P$59,$T$59, IF(G148=$P$60,$T$60, "no info"))))))))))))))))))))) -> 1 | K148: =IF((OR($P$40=G148,$P$41=G148,$P$42=G148,$P$43=G148,$P$44=G148,$P$45=G148,$P$46=G148,$P$47=G148,$P$48=G148,$P$49=G148,$P$50=G148,$P$51=G148,$P$52=G148,$P$53=G148,$P$54=G148,$P$55=G148,$P$56=G148,$P$57=G148,$P$58=G148)),$S$40,"2016") -> 2015 | L148: 4 - Happy
F149: Mallory Carlson | G149: Basic Project Management Methods | H149: Nominated | I149: =IF(F149=$C$100,$D$100, IF(F149=$C$101,$D$101, IF(F149=$C$102,$D$102, IF(F149=$C$103,$D$103, IF(F149=$C$104,$D$104, IF(F149=$C$105,$D$105, IF(F149=$C$106,$D$106, IF(F149=$C$107,$D$107, IF(F149=$C$108,$D$108, IF(F149=$C$109,$D$109, IF(F149=$C$110,$D$110, IF(F149=$C$111,$D$111, IF(F149=$C$112,$D$112, IF(F149=$C$113,$D$113, IF(F149=$C$114,$D$114, IF(F149=$C$115,$D$115, IF(F149=$C$116,$D$116, IF(F149=$C$117,$D$117, IF(F149=$C$118,$D$118, IF(F149=$C$119,$D$119, IF(F149=$C$120,$D$120, IF(F149=$C$121,$D$121, IF(F149=$C$122,$D$122, IF(F149=$C$123,$D$123, IF(F149=$C$124,$D$124, IF(F149=$C$125,$D$125, IF(F149=$C$126,$D$126, IF(F149=$C$127,$D$127, IF(F149=$C$128,$D$128, IF(F149=$C$129,$D$129, IF(F149=$C$130,$D$130, IF(F149=$C$131,$D$131, IF(F149=$C$132,$D$132, IF(F149=$C$133,$D$133, IF(F149=$C$134,$D$134, IF(F149=$C$135,$D$135, IF(F149=$C$136,$D$136, IF(F149=$C$137,$D$137, IF(F149=$C$138,$D$138, IF(F149=$C$139,$D$139, "No Department")))))))))))))))))))))))))))))))))))))))) -> IT | J149: =IF(G149=$P$40,$T$40, IF(G149=$P$41,$T$41, IF(G149=$P$42,$T$42, IF(G149=$P$43,$T$43, IF(G149=$P$44,$T$44, IF(G149=$P$45,$T$45, IF(G149=$P$46,$T$46, IF(G149=$P$47,$T$47, IF(G149=$P$48,$T$48, IF(G149=$P$49,$T$49, IF(G149=$P$50,$T$50, IF(G149=$P$51,$T$51, IF(G149=$P$52,$T$52, IF(G149=$P$53,$T$53, IF(G149=$P$54,$T$54, IF(G149=$P$55,$T$55, IF(G149=$P$56,$T$56, IF(G149=$P$57,$T$57, IF(G149=$P$58,$T$58, IF(G149=$P$59,$T$59, IF(G149=$P$60,$T$60, "no info"))))))))))))))))))))) -> 1 | K149: =IF((OR($P$40=G149,$P$41=G149,$P$42=G149,$P$43=G149,$P$44=G149,$P$45=G149,$P$46=G149,$P$47=G149,$P$48=G149,$P$49=G149,$P$50=G149,$P$51=G149,$P$52=G149,$P$53=G149,$P$54=G149,$P$55=G149,$P$56=G149,$P$57=G149,$P$58=G149)),$S$40,"2016") -> 2015 | L149: 3 - Average
F150: Mira Perkins | G150: Basic Project Management Methods | H150: Nominated | I150: =IF(F150=$C$100,$D$100, IF(F150=$C$101,$D$101, IF(F150=$C$102,$D$102, IF(F150=$C$103,$D$103, IF(F150=$C$104,$D$104, IF(F150=$C$105,$D$105, IF(F150=$C$106,$D$106, IF(F150=$C$107,$D$107, IF(F150=$C$108,$D$108, IF(F150=$C$109,$D$109, IF(F150=$C$110,$D$110, IF(F150=$C$111,$D$111, IF(F150=$C$112,$D$112, IF(F150=$C$113,$D$113, IF(F150=$C$114,$D$114, IF(F150=$C$115,$D$115, IF(F150=$C$116,$D$116, IF(F150=$C$117,$D$117, IF(F150=$C$118,$D$118, IF(F150=$C$119,$D$119, IF(F150=$C$120,$D$120, IF(F150=$C$121,$D$121, IF(F150=$C$122,$D$122, IF(F150=$C$123,$D$123, IF(F150=$C$124,$D$124, IF(F150=$C$125,$D$125, IF(F150=$C$126,$D$126, IF(F150=$C$127,$D$127, IF(F150=$C$128,$D$128, IF(F150=$C$129,$D$129, IF(F150=$C$130,$D$130, IF(F150=$C$131,$D$131, IF(F150=$C$132,$D$132, IF(F150=$C$133,$D$133, IF(F150=$C$134,$D$134, IF(F150=$C$135,$D$135, IF(F150=$C$136,$D$136, IF(F150=$C$137,$D$137, IF(F150=$C$138,$D$138, IF(F150=$C$139,$D$139, "No Department")))))))))))))))))))))))))))))))))))))))) -> Marketing | J150: =IF(G150=$P$40,$T$40, IF(G150=$P$41,$T$41, IF(G150=$P$42,$T$42, IF(G150=$P$43,$T$43, IF(G150=$P$44,$T$44, IF(G150=$P$45,$T$45, IF(G150=$P$46,$T$46, IF(G150=$P$47,$T$47, IF(G150=$P$48,$T$48, IF(G150=$P$49,$T$49, IF(G150=$P$50,$T$50, IF(G150=$P$51,$T$51, IF(G150=$P$52,$T$52, IF(G150=$P$53,$T$53, IF(G150=$P$54,$T$54, IF(G150=$P$55,$T$55, IF(G150=$P$56,$T$56, IF(G150=$P$57,$T$57, IF(G150=$P$58,$T$58, IF(G150=$P$59,$T$59, IF(G150=$P$60,$T$60, "no info"))))))))))))))))))))) -> 1 | K150: =IF((OR($P$40=G150,$P$41=G150,$P$42=G150,$P$43=G150,$P$44=G150,$P$45=G150,$P$46=G150,$P$47=G150,$P$48=G150,$P$49=G150,$P$50=G150,$P$51=G150,$P$52=G150,$P$53=G150,$P$54=G150,$P$55=G150,$P$56=G150,$P$57=G150,$P$58=G150)),$S$40,"2016") -> 2015 | L150: 3 - Average
F151: Mira Perkins | G151: Basic People Management Methods | H151: Nominated | I151: =IF(F151=$C$100,$D$100, IF(F151=$C$101,$D$101, IF(F151=$C$102,$D$102, IF(F151=$C$103,$D$103, IF(F151=$C$104,$D$104, IF(F151=$C$105,$D$105, IF(F151=$C$106,$D$106, IF(F151=$C$107,$D$107, IF(F151=$C$108,$D$108, IF(F151=$C$109,$D$109, IF(F151=$C$110,$D$110, IF(F151=$C$111,$D$111, IF(F151=$C$112,$D$112, IF(F151=$C$113,$D$113, IF(F151=$C$114,$D$114, IF(F151=$C$115,$D$115, IF(F151=$C$116,$D$116, IF(F151=$C$117,$D$117, IF(F151=$C$118,$D$118, IF(F151=$C$119,$D$119, IF(F151=$C$120,$D$120, IF(F151=$C$121,$D$121, IF(F151=$C$122,$D$122, IF(F151=$C$123,$D$123, IF(F151=$C$124,$D$124, IF(F151=$C$125,$D$125, IF(F151=$C$126,$D$126, IF(F151=$C$127,$D$127, IF(F151=$C$128,$D$128, IF(F151=$C$129,$D$129, IF(F151=$C$130,$D$130, IF(F151=$C$131,$D$131, IF(F151=$C$132,$D$132, IF(F151=$C$133,$D$133, IF(F151=$C$134,$D$134, IF(F151=$C$135,$D$135, IF(F151=$C$136,$D$136, IF(F151=$C$137,$D$137, IF(F151=$C$138,$D$138, IF(F151=$C$139,$D$139, "No Department")))))))))))))))))))))))))))))))))))))))) -> Marketing | J151: =IF(G151=$P$40,$T$40, IF(G151=$P$41,$T$41, IF(G151=$P$42,$T$42, IF(G151=$P$43,$T$43, IF(G151=$P$44,$T$44, IF(G151=$P$45,$T$45, IF(G151=$P$46,$T$46, IF(G151=$P$47,$T$47, IF(G151=$P$48,$T$48, IF(G151=$P$49,$T$49, IF(G151=$P$50,$T$50, IF(G151=$P$51,$T$51, IF(G151=$P$52,$T$52, IF(G151=$P$53,$T$53, IF(G151=$P$54,$T$54, IF(G151=$P$55,$T$55, IF(G151=$P$56,$T$56, IF(G151=$P$57,$T$57, IF(G151=$P$58,$T$58, IF(G151=$P$59,$T$59, IF(G151=$P$60,$T$60, "no info"))))))))))))))))))))) -> 1 | K151: =IF((OR($P$40=G151,$P$41=G151,$P$42=G151,$P$43=G151,$P$44=G151,$P$45=G151,$P$46=G151,$P$47=G151,$P$48=G151,$P$49=G151,$P$50=G151,$P$51=G151,$P$52=G151,$P$53=G151,$P$54=G151,$P$55=G151,$P$56=G151,$P$57=G151,$P$58=G151)),$S$40,"2016") -> 2015 | L151: 5 - Very happy
F152: Noelani Snyder | G152: Advanced Sales Techniques | H152: Nominated | I152: =IF(F152=$C$100,$D$100, IF(F152=$C$101,$D$101, IF(F152=$C$102,$D$102, IF(F152=$C$103,$D$103, IF(F152=$C$104,$D$104, IF(F152=$C$105,$D$105, IF(F152=$C$106,$D$106, IF(F152=$C$107,$D$107, IF(F152=$C$108,$D$108, IF(F152=$C$109,$D$109, IF(F152=$C$110,$D$110, IF(F152=$C$111,$D$111, IF(F152=$C$112,$D$112, IF(F152=$C$113,$D$113, IF(F152=$C$114,$D$114, IF(F152=$C$115,$D$115, IF(F152=$C$116,$D$116, IF(F152=$C$117,$D$117, IF(F152=$C$118,$D$118, IF(F152=$C$119,$D$119, IF(F152=$C$120,$D$120, IF(F152=$C$121,$D$121, IF(F152=$C$122,$D$122, IF(F152=$C$123,$D$123, IF(F152=$C$124,$D$124, IF(F152=$C$125,$D$125, IF(F152=$C$126,$D$126, IF(F152=$C$127,$D$127, IF(F152=$C$128,$D$128, IF(F152=$C$129,$D$129, IF(F152=$C$130,$D$130, IF(F152=$C$131,$D$131, IF(F152=$C$132,$D$132, IF(F152=$C$133,$D$133, IF(F152=$C$134,$D$134, IF(F152=$C$135,$D$135, IF(F152=$C$136,$D$136, IF(F152=$C$137,$D$137, IF(F152=$C$138,$D$138, IF(F152=$C$139,$D$139, "No Department")))))))))))))))))))))))))))))))))))))))) -> Marketing | J152: =IF(G152=$P$40,$T$40, IF(G152=$P$41,$T$41, IF(G152=$P$42,$T$42, IF(G152=$P$43,$T$43, IF(G152=$P$44,$T$44, IF(G152=$P$45,$T$45, IF(G152=$P$46,$T$46, IF(G152=$P$47,$T$47, IF(G152=$P$48,$T$48, IF(G152=$P$49,$T$49, IF(G152=$P$50,$T$50, IF(G152=$P$51,$T$51, IF(G152=$P$52,$T$52, IF(G152=$P$53,$T$53, IF(G152=$P$54,$T$54, IF(G152=$P$55,$T$55, IF(G152=$P$56,$T$56, IF(G152=$P$57,$T$57, IF(G152=$P$58,$T$58, IF(G152=$P$59,$T$59, IF(G152=$P$60,$T$60, "no info"))))))))))))))))))))) -> 0.5 | K152: =IF((OR($P$40=G152,$P$41=G152,$P$42=G152,$P$43=G152,$P$44=G152,$P$45=G152,$P$46=G152,$P$47=G152,$P$48=G152,$P$49=G152,$P$50=G152,$P$51=G152,$P$52=G152,$P$53=G152,$P$54=G152,$P$55=G152,$P$56=G152,$P$57=G152,$P$58=G152)),$S$40,"2016") -> 2015 | L152: 5 - Very happy
F153: Noelani Snyder | G153: Advanced Project Management Skills | H153: Nominated | I153: =IF(F153=$C$100,$D$100, IF(F153=$C$101,$D$101, IF(F153=$C$102,$D$102, IF(F153=$C$103,$D$103, IF(F153=$C$104,$D$104, IF(F153=$C$105,$D$105, IF(F153=$C$106,$D$106, IF(F153=$C$107,$D$107, IF(F153=$C$108,$D$108, IF(F153=$C$109,$D$109, IF(F153=$C$110,$D$110, IF(F153=$C$111,$D$111, IF(F153=$C$112,$D$112, IF(F153=$C$113,$D$113, IF(F153=$C$114,$D$114, IF(F153=$C$115,$D$115, IF(F153=$C$116,$D$116, IF(F153=$C$117,$D$117, IF(F153=$C$118,$D$118, IF(F153=$C$119,$D$119, IF(F153=$C$120,$D$120, IF(F153=$C$121,$D$121, IF(F153=$C$122,$D$122, IF(F153=$C$123,$D$123, IF(F153=$C$124,$D$124, IF(F153=$C$125,$D$125, IF(F153=$C$126,$D$126, IF(F153=$C$127,$D$127, IF(F153=$C$128,$D$128, IF(F153=$C$129,$D$129, IF(F153=$C$130,$D$130, IF(F153=$C$131,$D$131, IF(F153=$C$132,$D$132, IF(F153=$C$133,$D$133, IF(F153=$C$134,$D$134, IF(F153=$C$135,$D$135, IF(F153=$C$136,$D$136, IF(F153=$C$137,$D$137, IF(F153=$C$138,$D$138, IF(F153=$C$139,$D$139, "No Department")))))))))))))))))))))))))))))))))))))))) -> Marketing | J153: =IF(G153=$P$40,$T$40, IF(G153=$P$41,$T$41, IF(G153=$P$42,$T$42, IF(G153=$P$43,$T$43, IF(G153=$P$44,$T$44, IF(G153=$P$45,$T$45, IF(G153=$P$46,$T$46, IF(G153=$P$47,$T$47, IF(G153=$P$48,$T$48, IF(G153=$P$49,$T$49, IF(G153=$P$50,$T$50, IF(G153=$P$51,$T$51, IF(G153=$P$52,$T$52, IF(G153=$P$53,$T$53, IF(G153=$P$54,$T$54, IF(G153=$P$55,$T$55, IF(G153=$P$56,$T$56, IF(G153=$P$57,$T$57, IF(G153=$P$58,$T$58, IF(G153=$P$59,$T$59, IF(G153=$P$60,$T$60, "no info"))))))))))))))))))))) -> 1 | K153: =IF((OR($P$40=G153,$P$41=G153,$P$42=G153,$P$43=G153,$P$44=G153,$P$45=G153,$P$46=G153,$P$47=G153,$P$48=G153,$P$49=G153,$P$50=G153,$P$51=G153,$P$52=G153,$P$53=G153,$P$54=G153,$P$55=G153,$P$56=G153,$P$57=G153,$P$58=G153)),$S$40,"2016") -> 2015 | L153: 2 - Not happy
... F185: Zeph Gill | G185: Basic People Management Methods | H185: Nominated | I185: =IF(F185=$C$100,$D$100, IF(F185=$C$101,$D$101, IF(F185=$C$102,$D$102, IF(F185=$C$103,$D$103, IF(F185=$C$104,$D$104, IF(F185=$C$105,$D$105, IF(F185=$C$106,$D$106, IF(F185=$C$107,$D$107, IF(F185=$C$108,$D$108, IF(F185=$C$109,$D$109, IF(F185=$C$110,$D$110, IF(F185=$C$111,$D$111, IF(F185=$C$112,$D$112, IF(F185=$C$113,$D$113, IF(F185=$C$114,$D$114, IF(F185=$C$115,$D$115, IF(F185=$C$116,$D$116, IF(F185=$C$117,$D$117, IF(F185=$C$118,$D$118, IF(F185=$C$119,$D$119, IF(F185=$C$120,$D$120, IF(F185=$C$121,$D$121, IF(F185=$C$122,$D$122, IF(F185=$C$123,$D$123, IF(F185=$C$124,$D$124, IF(F185=$C$125,$D$125, IF(F185=$C$126,$D$126, IF(F185=$C$127,$D$127, IF(F185=$C$128,$D$128, IF(F185=$C$129,$D$129, IF(F185=$C$130,$D$130, IF(F185=$C$131,$D$131, IF(F185=$C$132,$D$132, IF(F185=$C$133,$D$133, IF(F185=$C$134,$D$134, IF(F185=$C$135,$D$135, IF(F185=$C$136,$D$136, IF(F185=$C$137,$D$137, IF(F185=$C$138,$D$138, IF(F185=$C$139,$D$139, "No Department")))))))))))))))))))))))))))))))))))))))) -> Marketing | J185: =IF(G185=$P$40,$T$40, IF(G185=$P$41,$T$41, IF(G185=$P$42,$T$42, IF(G185=$P$43,$T$43, IF(G185=$P$44,$T$44, IF(G185=$P$45,$T$45, IF(G185=$P$46,$T$46, IF(G185=$P$47,$T$47, IF(G185=$P$48,$T$48, IF(G185=$P$49,$T$49, IF(G185=$P$50,$T$50, IF(G185=$P$51,$T$51, IF(G185=$P$52,$T$52, IF(G185=$P$53,$T$53, IF(G185=$P$54,$T$54, IF(G185=$P$55,$T$55, IF(G185=$P$56,$T$56, IF(G185=$P$57,$T$57, IF(G185=$P$58,$T$58, IF(G185=$P$59,$T$59, IF(G185=$P$60,$T$60, "no info"))))))))))))))))))))) -> 1 | K185: =IF((OR($P$40=G185,$P$41=G185,$P$42=G185,$P$43=G185,$P$44=G185,$P$45=G185,$P$46=G185,$P$47=G185,$P$48=G185,$P$49=G185,$P$50=G185,$P$51=G185,$P$52=G185,$P$53=G185,$P$54=G185,$P$55=G185,$P$56=G185,$P$57=G185,$P$58=G185)),$S$40,"2016") -> 2015 | L185: 4 - Happy

Sheet Linked Charts
A2: Participants by Department vs Sum of Training Hours
C3: Finance | D3: HR | E3: IT | F3: Marketing | G3: Operations | H3: Sales
A4: =Dashboard!$E$6 -> 2016 | B4: Participants | C4: =COUNTIFS(Calculations!$I$40:$I$185,'Linked Charts'!$C$3,Calculations!$K$40:$K$185,'Linked Charts'!$A$4) -> 7 | D4: =COUNTIFS(Calculations!$I$40:$I$185,'Linked Charts'!$D$3,Calculations!$K$40:$K$185,'Linked Charts'!$A$4) -> 2 | E4: =COUNTIFS(Calculations!$I$40:$I$185,'Linked Charts'!$E$3,Calculations!$K$40:$K$185,'Linked Charts'!$A$4) -> 0 | F4: =COUNTIFS(Calculations!$I$40:$I$185,'Linked Charts'!$F$3,Calculations!$K$40:$K$185,'Linked Charts'!$A$4) -> 3 | G4: =COUNTIFS(Calculations!$I$40:$I$185,'Linked Charts'!$G$3,Calculations!$K$40:$K$185,'Linked Charts'!$A$4) -> 5 | H4: =COUNTIFS(Calculations!$I$40:$I$185,'Linked Charts'!$H$3,Calculations!$K$40:$K$185,'Linked Charts'!$A$4) -> 3
A5: =Dashboard!$E$6 -> 2016 | B5: Training Hours | C5: =SUMIFS(Calculations!$J$40:$J$185,Calculations!$I$40:$I$185,'Linked Charts'!$C$3,Calculations!$K$40:$K$185,'Linked Charts'!$A$5) -> 7 | D5: =SUMIFS(Calculations!$J$40:$J$185,Calculations!$I$40:$I$185,'Linked Charts'!$D$3,Calculations!$K$40:$K$185,'Linked Charts'!$A$5) -> 2 | E5: =SUMIFS(Calculations!$J$40:$J$185,Calculations!$I$40:$I$185,'Linked Charts'!$E$3,Calculations!$K$40:$K$185,'Linked Charts'!$A$5) -> 0 | F5: =SUMIFS(Calculations!$J$40:$J$185,Calculations!$I$40:$I$185,'Linked Charts'!$F$3,Calculations!$K$40:$K$185,'Linked Charts'!$A$5) -> 3 | G5: =SUMIFS(Calculations!$J$40:$J$185,Calculations!$I$40:$I$185,'Linked Charts'!$G$3,Calculations!$K$40:$K$185,'Linked Charts'!$A$5) -> 5 | H5: =SUMIFS(Calculations!$J$40:$J$185,Calculations!$I$40:$I$185,'Linked Charts'!$H$3,Calculations!$K$40:$K$185,'Linked Charts'!$A$5) -> 3
A9: Training Capacity vs Actual Number of Participants
A11: =Dashboard!$E$6 -> 2016 | B11: Training Name | C11: Training Capacity | D11: Actual Number of Participants (Employee per Program)
B12: Basic Sales Skills | C12: 10 | D12: =COUNTIFS(Calculations!$G$40:$G$185,'Linked Charts'!B12,Calculations!$K$40:$K$185,'Linked Charts'!$A$11) -> 0
B13: Basic Project Management Methods | C13: 5 | D13: =COUNTIFS(Calculations!$G$40:$G$185,'Linked Charts'!B13,Calculations!$K$40:$K$185,'Linked Charts'!$A$11) -> 0
B14: Basic People Management Techniques | C14: 30 | D14: =COUNTIFS(Calculations!$G$40:$G$185,'Linked Charts'!B14,Calculations!$K$40:$K$185,'Linked Charts'!$A$11) -> 0
B15: Basic People Management Skills | C15: 25 | D15: =COUNTIFS(Calculations!$G$40:$G$185,'Linked Charts'!B15,Calculations!$K$40:$K$185,'Linked Charts'!$A$11) -> 0
B16: Basic People Management Methods | C16: 20 | D16: =COUNTIFS(Calculations!$G$40:$G$185,'Linked Charts'!B16,Calculations!$K$40:$K$185,'Linked Charts'!$A$11) -> 0
B17: Basic IT Methods | C17: 5 | D17: =COUNTIFS(Calculations!$G$40:$G$185,'Linked Charts'!B17,Calculations!$K$40:$K$185,'Linked Charts'!$A$11) -> 0
B18: Basic Business Skills | C18: 25 | D18: =COUNTIFS(Calculations!$G$40:$G$185,'Linked Charts'!B18,Calculations!$K$40:$K$185,'Linked Charts'!$A$11) -> 0
B19: Basic Advertising Techniques | C19: 15 | D19: =COUNTIFS(Calculations!$G$40:$G$185,'Linked Charts'!B19,Calculations!$K$40:$K$185,'Linked Charts'!$A$11) -> 0
B20: Basic Advertising Skills | C20: 15 | D20: =COUNTIFS(Calculations!$G$40:$G$185,'Linked Charts'!B20,Calculations!$K$40:$K$185,'Linked Charts'!$A$11) -> 0
B21: Basic Advertising Methods | C21: 5 | D21: =COUNTIFS(Calculations!$G$40:$G$185,'Linked Charts'!B21,Calculations!$K$40:$K$185,'Linked Charts'!$A$11) -> 0
B22: Advanced Sales Techniques | C22: 20 | D22: =COUNTIFS(Calculations!$G$40:$G$185,'Linked Charts'!B22,Calculations!$K$40:$K$185,'Linked Charts'!$A$11) -> 0
B23: Advanced Sales Methods | C23: 30 | D23: =COUNTIFS(Calculations!$G$40:$G$185,'Linked Charts'!B23,Calculations!$K$40:$K$185,'Linked Charts'!$A$11) -> 0
... B32: Advanced Advertising Skills | C32: 15 | D32: =COUNTIFS(Calculations!$G$40:$G$185,'Linked Charts'!B32,Calculations!$K$40:$K$185,'Linked Charts'!$A$11) -> 11
A35: Ratings
A37: =Dashboard!$E$6 -> 2016 | B37: Training Name | C37: 1 - Disaster | D37: 2 - Not happy | E37: 3 - Average | F37: 4 - Happy | G37: 5 - Very happy | H37: Unrated
B39: Basic Sales Skills | C39: =COUNTIFS(Calculations!$G$40:$G$185,'Linked Charts'!B39,Calculations!$L$40:$L$185,'Linked Charts'!$C$37,Calculations!$K$40:$K$185,'Linked Charts'!$A$37) -> 0 | D39: =COUNTIFS(Calculations!$G$40:$G$185,'Linked Charts'!B39,Calculations!$L$40:$L$185,'Linked Charts'!$D$37,Calculations!$K$40:$K$185,'Linked Charts'!$A$37) -> 0 | E39: =COUNTIFS(Calculations!$G$40:$G$185,'Linked Charts'!B39,Calculations!$L$40:$L$185,'Linked Charts'!$E$37,Calculations!$K$40:$K$185,'Linked Charts'!$A$37) -> 0 | F39: =COUNTIFS(Calculations!$G$40:$G$185,'Linked Charts'!B39,Calculations!$L$40:$L$185,'Linked Charts'!$F$37,Calculations!$K$40:$K$185,'Linked Charts'!$A$37) -> 0 | G39: =COUNTIFS(Calculations!$G$40:$G$185,'Linked Charts'!B39,Calculations!$L$40:$L$185,'Linked Charts'!$G$37,Calculations!$K$40:$K$185,'Linked Charts'!$A$37) -> 0 | H39: =COUNTIFS(Calculations!$G$40:$G$185,'Linked Charts'!B39,Calculations!$L$40:$L$185,'Linked Charts'!$H$37,Calculations!$K$40:$K$185,'Linked Charts'!$A$37) -> 0
B40: Basic Project Management Methods | C40: =COUNTIFS(Calculations!$G$40:$G$185,'Linked Charts'!B40,Calculations!$L$40:$L$185,'Linked Charts'!$C$37,Calculations!$K$40:$K$185,'Linked Charts'!$A$37) -> 0 | D40: =COUNTIFS(Calculations!$G$40:$G$185,'Linked Charts'!B40,Calculations!$L$40:$L$185,'Linked Charts'!$D$37,Calculations!$K$40:$K$185,'Linked Charts'!$A$37) -> 0 | E40: =COUNTIFS(Calculations!$G$40:$G$185,'Linked Charts'!B40,Calculations!$L$40:$L$185,'Linked Charts'!$E$37,Calculations!$K$40:$K$185,'Linked Charts'!$A$37) -> 0 | F40: =COUNTIFS(Calculations!$G$40:$G$185,'Linked Charts'!B40,Calculations!$L$40:$L$185,'Linked Charts'!$F$37,Calculations!$K$40:$K$185,'Linked Charts'!$A$37) -> 0 | G40: =COUNTIFS(Calculations!$G$40:$G$185,'Linked Charts'!B40,Calculations!$L$40:$L$185,'Linked Charts'!$G$37,Calculations!$K$40:$K$185,'Linked Charts'!$A$37) -> 0 | H40: =COUNTIFS(Calculations!$G$40:$G$185,'Linked Charts'!B40,Calculations!$L$40:$L$185,'Linked Charts'!$H$37,Calculations!$K$40:$K$185,'Linked Charts'!$A$37) -> 0
B41: Basic People Management Techniques | C41: =COUNTIFS(Calculations!$G$40:$G$185,'Linked Charts'!B41,Calculations!$L$40:$L$185,'Linked Charts'!$C$37,Calculations!$K$40:$K$185,'Linked Charts'!$A$37) -> 0 | D41: =COUNTIFS(Calculations!$G$40:$G$185,'Linked Charts'!B41,Calculations!$L$40:$L$185,'Linked Charts'!$D$37,Calculations!$K$40:$K$185,'Linked Charts'!$A$37) -> 0 | E41: =COUNTIFS(Calculations!$G$40:$G$185,'Linked Charts'!B41,Calculations!$L$40:$L$185,'Linked Charts'!$E$37,Calculations!$K$40:$K$185,'Linked Charts'!$A$37) -> 0 | F41: =COUNTIFS(Calculations!$G$40:$G$185,'Linked Charts'!B41,Calculations!$L$40:$L$185,'Linked Charts'!$F$37,Calculations!$K$40:$K$185,'Linked Charts'!$A$37) -> 0 | G41: =COUNTIFS(Calculations!$G$40:$G$185,'Linked Charts'!B41,Calculations!$L$40:$L$185,'Linked Charts'!$G$37,Calculations!$K$40:$K$185,'Linked Charts'!$A$37) -> 0 | H41: =COUNTIFS(Calculations!$G$40:$G$185,'Linked Charts'!B41,Calculations!$L$40:$L$185,'Linked Charts'!$H$37,Calculations!$K$40:$K$185,'Linked Charts'!$A$37) -> 0
B42: Basic People Management Skills | C42: =COUNTIFS(Calculations!$G$40:$G$185,'Linked Charts'!B42,Calculations!$L$40:$L$185,'Linked Charts'!$C$37,Calculations!$K$40:$K$185,'Linked Charts'!$A$37) -> 0 | D42: =COUNTIFS(Calculations!$G$40:$G$185,'Linked Charts'!B42,Calculations!$L$40:$L$185,'Linked Charts'!$D$37,Calculations!$K$40:$K$185,'Linked Charts'!$A$37) -> 0 | E42: =COUNTIFS(Calculations!$G$40:$G$185,'Linked Charts'!B42,Calculations!$L$40:$L$185,'Linked Charts'!$E$37,Calculations!$K$40:$K$185,'Linked Charts'!$A$37) -> 0 | F42: =COUNTIFS(Calculations!$G$40:$G$185,'Linked Charts'!B42,Calculations!$L$40:$L$185,'Linked Charts'!$F$37,Calculations!$K$40:$K$185,'Linked Charts'!$A$37) -> 0 | G42: =COUNTIFS(Calculations!$G$40:$G$185,'Linked Charts'!B42,Calculations!$L$40:$L$185,'Linked Charts'!$G$37,Calculations!$K$40:$K$185,'Linked Charts'!$A$37) -> 0 | H42: =COUNTIFS(Calculations!$G$40:$G$185,'Linked Charts'!B42,Calculations!$L$40:$L$185,'Linked Charts'!$H$37,Calculations!$K$40:$K$185,'Linked Charts'!$A$37) -> 0
B43: Basic People Management Methods | C43: =COUNTIFS(Calculations!$G$40:$G$185,'Linked Charts'!B43,Calculations!$L$40:$L$185,'Linked Charts'!$C$37,Calculations!$K$40:$K$185,'Linked Charts'!$A$37) -> 0 | D43: =COUNTIFS(Calculations!$G$40:$G$185,'Linked Charts'!B43,Calculations!$L$40:$L$185,'Linked Charts'!$D$37,Calculations!$K$40:$K$185,'Linked Charts'!$A$37) -> 0 | E43: =COUNTIFS(Calculations!$G$40:$G$185,'Linked Charts'!B43,Calculations!$L$40:$L$185,'Linked Charts'!$E$37,Calculations!$K$40:$K$185,'Linked Charts'!$A$37) -> 0 | F43: =COUNTIFS(Calculations!$G$40:$G$185,'Linked Charts'!B43,Calculations!$L$40:$L$185,'Linked Charts'!$F$37,Calculations!$K$40:$K$185,'Linked Charts'!$A$37) -> 0 | G43: =COUNTIFS(Calculations!$G$40:$G$185,'Linked Charts'!B43,Calculations!$L$40:$L$185,'Linked Charts'!$G$37,Calculations!$K$40:$K$185,'Linked Charts'!$A$37) -> 0 | H43: =COUNTIFS(Calculations!$G$40:$G$185,'Linked Charts'!B43,Calculations!$L$40:$L$185,'Linked Charts'!$H$37,Calculations!$K$40:$K$185,'Linked Charts'!$A$37) -> 0
B44: Basic IT Methods | C44: =COUNTIFS(Calculations!$G$40:$G$185,'Linked Charts'!B44,Calculations!$L$40:$L$185,'Linked Charts'!$C$37,Calculations!$K$40:$K$185,'Linked Charts'!$A$37) -> 0 | D44: =COUNTIFS(Calculations!$G$40:$G$185,'Linked Charts'!B44,Calculations!$L$40:$L$185,'Linked Charts'!$D$37,Calculations!$K$40:$K$185,'Linked Charts'!$A$37) -> 0 | E44: =COUNTIFS(Calculations!$G$40:$G$185,'Linked Charts'!B44,Calculations!$L$40:$L$185,'Linked Charts'!$E$37,Calculations!$K$40:$K$185,'Linked Charts'!$A$37) -> 0 | F44: =COUNTIFS(Calculations!$G$40:$G$185,'Linked Charts'!B44,Calculations!$L$40:$L$185,'Linked Charts'!$F$37,Calculations!$K$40:$K$185,'Linked Charts'!$A$37) -> 0 | G44: =COUNTIFS(Calculations!$G$40:$G$185,'Linked Charts'!B44,Calculations!$L$40:$L$185,'Linked Charts'!$G$37,Calculations!$K$40:$K$185,'Linked Charts'!$A$37) -> 0 | H44: =COUNTIFS(Calculations!$G$40:$G$185,'Linked Charts'!B44,Calculations!$L$40:$L$185,'Linked Charts'!$H$37,Calculations!$K$40:$K$185,'Linked Charts'!$A$37) -> 0
B45: Basic Business Skills | C45: =COUNTIFS(Calculations!$G$40:$G$185,'Linked Charts'!B45,Calculations!$L$40:$L$185,'Linked Charts'!$C$37,Calculations!$K$40:$K$185,'Linked Charts'!$A$37) -> 0 | D45: =COUNTIFS(Calculations!$G$40:$G$185,'Linked Charts'!B45,Calculations!$L$40:$L$185,'Linked Charts'!$D$37,Calculations!$K$40:$K$185,'Linked Charts'!$A$37) -> 0 | E45: =COUNTIFS(Calculations!$G$40:$G$185,'Linked Charts'!B45,Calculations!$L$40:$L$185,'Linked Charts'!$E$37,Calculations!$K$40:$K$185,'Linked Charts'!$A$37) -> 0 | F45: =COUNTIFS(Calculations!$G$40:$G$185,'Linked Charts'!B45,Calculations!$L$40:$L$185,'Linked Charts'!$F$37,Calculations!$K$40:$K$185,'Linked Charts'!$A$37) -> 0 | G45: =COUNTIFS(Calculations!$G$40:$G$185,'Linked Charts'!B45,Calculations!$L$40:$L$185,'Linked Charts'!$G$37,Calculations!$K$40:$K$185,'Linked Charts'!$A$37) -> 0 | H45: =COUNTIFS(Calculations!$G$40:$G$185,'Linked Charts'!B45,Calculations!$L$40:$L$185,'Linked Charts'!$H$37,Calculations!$K$40:$K$185,'Linked Charts'!$A$37) -> 0
B46: Basic Advertising Techniques | C46: =COUNTIFS(Calculations!$G$40:$G$185,'Linked Charts'!B46,Calculations!$L$40:$L$185,'Linked Charts'!$C$37,Calculations!$K$40:$K$185,'Linked Charts'!$A$37) -> 0 | D46: =COUNTIFS(Calculations!$G$40:$G$185,'Linked Charts'!B46,Calculations!$L$40:$L$185,'Linked Charts'!$D$37,Calculations!$K$40:$K$185,'Linked Charts'!$A$37) -> 0 | E46: =COUNTIFS(Calculations!$G$40:$G$185,'Linked Charts'!B46,Calculations!$L$40:$L$185,'Linked Charts'!$E$37,Calculations!$K$40:$K$185,'Linked Charts'!$A$37) -> 0 | F46: =COUNTIFS(Calculations!$G$40:$G$185,'Linked Charts'!B46,Calculations!$L$40:$L$185,'Linked Charts'!$F$37,Calculations!$K$40:$K$185,'Linked Charts'!$A$37) -> 0 | G46: =COUNTIFS(Calculations!$G$40:$G$185,'Linked Charts'!B46,Calculations!$L$40:$L$185,'Linked Charts'!$G$37,Calculations!$K$40:$K$185,'Linked Charts'!$A$37) -> 0 | H46: =COUNTIFS(Calculations!$G$40:$G$185,'Linked Charts'!B46,Calculations!$L$40:$L$185,'Linked Charts'!$H$37,Calculations!$K$40:$K$185,'Linked Charts'!$A$37) -> 0
B47: Basic Advertising Skills | C47: =COUNTIFS(Calculations!$G$40:$G$185,'Linked Charts'!B47,Calculations!$L$40:$L$185,'Linked Charts'!$C$37,Calculations!$K$40:$K$185,'Linked Charts'!$A$37) -> 0 | D47: =COUNTIFS(Calculations!$G$40:$G$185,'Linked Charts'!B47,Calculations!$L$40:$L$185,'Linked Charts'!$D$37,Calculations!$K$40:$K$185,'Linked Charts'!$A$37) -> 0 | E47: =COUNTIFS(Calculations!$G$40:$G$185,'Linked Charts'!B47,Calculations!$L$40:$L$185,'Linked Charts'!$E$37,Calculations!$K$40:$K$185,'Linked Charts'!$A$37) -> 0 | F47: =COUNTIFS(Calculations!$G$40:$G$185,'Linked Charts'!B47,Calculations!$L$40:$L$185,'Linked Charts'!$F$37,Calculations!$K$40:$K$185,'Linked Charts'!$A$37) -> 0 | G47: =COUNTIFS(Calculations!$G$40:$G$185,'Linked Charts'!B47,Calculations!$L$40:$L$185,'Linked Charts'!$G$37,Calculations!$K$40:$K$185,'Linked Charts'!$A$37) -> 0 | H47: =COUNTIFS(Calculations!$G$40:$G$185,'Linked Charts'!B47,Calculations!$L$40:$L$185,'Linked Charts'!$H$37,Calculations!$K$40:$K$185,'Linked Charts'!$A$37) -> 0
B48: Basic Advertising Methods | C48: =COUNTIFS(Calculations!$G$40:$G$185,'Linked Charts'!B48,Calculations!$L$40:$L$185,'Linked Charts'!$C$37,Calculations!$K$40:$K$185,'Linked Charts'!$A$37) -> 0 | D48: =COUNTIFS(Calculations!$G$40:$G$185,'Linked Charts'!B48,Calculations!$L$40:$L$185,'Linked Charts'!$D$37,Calculations!$K$40:$K$185,'Linked Charts'!$A$37) -> 0 | E48: =COUNTIFS(Calculations!$G$40:$G$185,'Linked Charts'!B48,Calculations!$L$40:$L$185,'Linked Charts'!$E$37,Calculations!$K$40:$K$185,'Linked Charts'!$A$37) -> 0 | F48: =COUNTIFS(Calculations!$G$40:$G$185,'Linked Charts'!B48,Calculations!$L$40:$L$185,'Linked Charts'!$F$37,Calculations!$K$40:$K$185,'Linked Charts'!$A$37) -> 0 | G48: =COUNTIFS(Calculations!$G$40:$G$185,'Linked Charts'!B48,Calculations!$L$40:$L$185,'Linked Charts'!$G$37,Calculations!$K$40:$K$185,'Linked Charts'!$A$37) -> 0 | H48: =COUNTIFS(Calculations!$G$40:$G$185,'Linked Charts'!B48,Calculations!$L$40:$L$185,'Linked Charts'!$H$37,Calculations!$K$40:$K$185,'Linked Charts'!$A$37) -> 0
B49: Advanced Sales Techniques | C49: =COUNTIFS(Calculations!$G$40:$G$185,'Linked Charts'!B49,Calculations!$L$40:$L$185,'Linked Charts'!$C$37,Calculations!$K$40:$K$185,'Linked Charts'!$A$37) -> 0 | D49: =COUNTIFS(Calculations!$G$40:$G$185,'Linked Charts'!B49,Calculations!$L$40:$L$185,'Linked Charts'!$D$37,Calculations!$K$40:$K$185,'Linked Charts'!$A$37) -> 0 | E49: =COUNTIFS(Calculations!$G$40:$G$185,'Linked Charts'!B49,Calculations!$L$40:$L$185,'Linked Charts'!$E$37,Calculations!$K$40:$K$185,'Linked Charts'!$A$37) -> 0 | F49: =COUNTIFS(Calculations!$G$40:$G$185,'Linked Charts'!B49,Calculations!$L$40:$L$185,'Linked Charts'!$F$37,Calculations!$K$40:$K$185,'Linked Charts'!$A$37) -> 0 | G49: =COUNTIFS(Calculations!$G$40:$G$185,'Linked Charts'!B49,Calculations!$L$40:$L$185,'Linked Charts'!$G$37,Calculations!$K$40:$K$185,'Linked Charts'!$A$37) -> 0 | H49: =COUNTIFS(Calculations!$G$40:$G$185,'Linked Charts'!B49,Calculations!$L$40:$L$185,'Linked Charts'!$H$37,Calculations!$K$40:$K$185,'Linked Charts'!$A$37) -> 0
B50: Advanced Sales Methods | C50: =COUNTIFS(Calculations!$G$40:$G$185,'Linked Charts'!B50,Calculations!$L$40:$L$185,'Linked Charts'!$C$37,Calculations!$K$40:$K$185,'Linked Charts'!$A$37) -> 0 | D50: =COUNTIFS(Calculations!$G$40:$G$185,'Linked Charts'!B50,Calculations!$L$40:$L$185,'Linked Charts'!$D$37,Calculations!$K$40:$K$185,'Linked Charts'!$A$37) -> 0 | E50: =COUNTIFS(Calculations!$G$40:$G$185,'Linked Charts'!B50,Calculations!$L$40:$L$185,'Linked Charts'!$E$37,Calculations!$K$40:$K$185,'Linked Charts'!$A$37) -> 0 | F50: =COUNTIFS(Calculations!$G$40:$G$185,'Linked Charts'!B50,Calculations!$L$40:$L$185,'Linked Charts'!$F$37,Calculations!$K$40:$K$185,'Linked Charts'!$A$37) -> 0 | G50: =COUNTIFS(Calculations!$G$40:$G$185,'Linked Charts'!B50,Calculations!$L$40:$L$185,'Linked Charts'!$G$37,Calculations!$K$40:$K$185,'Linked Charts'!$A$37) -> 0 | H50: =COUNTIFS(Calculations!$G$40:$G$185,'Linked Charts'!B50,Calculations!$L$40:$L$185,'Linked Charts'!$H$37,Calculations!$K$40:$K$185,'Linked Charts'!$A$37) -> 0
... B59: Advanced Advertising Skills | C59: =COUNTIFS(Calculations!$G$40:$G$185,'Linked Charts'!B59,Calculations!$L$40:$L$185,'Linked Charts'!$C$37,Calculations!$K$40:$K$185,'Linked Charts'!$A$37) -> 0 | D59: =COUNTIFS(Calculations!$G$40:$G$185,'Linked Charts'!B59,Calculations!$L$40:$L$185,'Linked Charts'!$D$37,Calculations!$K$40:$K$185,'Linked Charts'!$A$37) -> 0 | E59: =COUNTIFS(Calculations!$G$40:$G$185,'Linked Charts'!B59,Calculations!$L$40:$L$185,'Linked Charts'!$E$37,Calculations!$K$40:$K$185,'Linked Charts'!$A$37) -> 0 | F59: =COUNTIFS(Calculations!$G$40:$G$185,'Linked Charts'!B59,Calculations!$L$40:$L$185,'Linked Charts'!$F$37,Calculations!$K$40:$K$185,'Linked Charts'!$A$37) -> 0 | G59: =COUNTIFS(Calculations!$G$40:$G$185,'Linked Charts'!B59,Calculations!$L$40:$L$185,'Linked Charts'!$G$37,Calculations!$K$40:$K$185,'Linked Charts'!$A$37) -> 0 | H59: =COUNTIFS(Calculations!$G$40:$G$185,'Linked Charts'!B59,Calculations!$L$40:$L$185,'Linked Charts'!$H$37,Calculations!$K$40:$K$185,'Linked Charts'!$A$37) -> 11
A63: SMEs | B63: =Dashboard!$E$6 -> 2016
A64: Name of Company | B64: Program Count | C64: Training Name | D64: Average Ratings
A65: Eu Dolor Egestas Inc. | B65: =COUNTIFS(Calculations!$Q$40:$Q$60,'Linked Charts'!A65,Calculations!I$4:I$24,'Linked Charts'!$B$63) -> 0 | C65: Basic Sales Skills | D65: =AVERAGE(C39:H39) -> 0
A66: Morbi Tristique Industries | B66: =COUNTIFS(Calculations!$Q$40:$Q$60,'Linked Charts'!A66,Calculations!I$4:I$24,'Linked Charts'!$B$63) -> 1 | C66: Basic Project Management Methods | D66: =AVERAGE(C40:H40) -> 0
A67: Interdum Company | B67: =COUNTIFS(Calculations!$Q$40:$Q$60,'Linked Charts'!A67,Calculations!I$4:I$24,'Linked Charts'!$B$63) -> 1 | C67: Basic People Management Techniques | D67: =AVERAGE(C41:H41) -> 0
A68: Metus In Nec Foundation | B68: =COUNTIFS(Calculations!$Q$40:$Q$60,'Linked Charts'!A68,Calculations!I$4:I$24,'Linked Charts'!$B$63) -> 0 | C68: Basic People Management Skills | D68: =AVERAGE(C42:H42) -> 0
A69: Lacus Pede Company | B69: =COUNTIFS(Calculations!$Q$40:$Q$60,'Linked Charts'!A69,Calculations!I$4:I$24,'Linked Charts'!$B$63) -> 0 | C69: Basic People Management Methods | D69: =AVERAGE(C43:H43) -> 0
A70: Quisque PC | B70: =COUNTIFS(Calculations!$Q$40:$Q$60,'Linked Charts'!A70,Calculations!I$4:I$24,'Linked Charts'!$B$63) -> 0 | C70: Basic IT Methods | D70: =AVERAGE(C44:H44) -> 0
A71: Libero At Auctor Associates | B71: =COUNTIFS(Calculations!$Q$40:$Q$60,'Linked Charts'!A71,Calculations!I$4:I$24,'Linked Charts'!$B$63) -> 0 | C71: Basic Business Skills | D71: =AVERAGE(C45:H45) -> 0
A72: Nulla Eu Incorporated | B72: =COUNTIFS(Calculations!$Q$40:$Q$60,'Linked Charts'!A72,Calculations!I$4:I$24,'Linked Charts'!$B$63) -> 0 | C72: Basic Advertising Techniques | D72: =AVERAGE(C46:H46) -> 0
A73: Vivamus Industries | B73: =COUNTIFS(Calculations!$Q$40:$Q$60,'Linked Charts'!A73,Calculations!I$4:I$24,'Linked Charts'!$B$63) -> 0 | C73: Basic Advertising Skills | D73: =AVERAGE(C47:H47) -> 0
C74: Basic Advertising Methods | D74: =AVERAGE(C48:H48) -> 0
C75: Advanced Sales Techniques | D75: =AVERAGE(C49:H49) -> 0
C76: Advanced Sales Methods | D76: =AVERAGE(C50:H50) -> 0
C77: Advanced Project Management Skills | D77: =AVERAGE(C51:H51) -> 0
C78: Advanced People Management Techniques | D78: =AVERAGE(C52:H52) -> 0
C79: Advanced People Management Skills | D79: =AVERAGE(C53:H53) -> 0
C80: Advanced People Management Methods | D80: =AVERAGE(C54:H54) -> 0
C81: Advanced IT Techniques | D81: =AVERAGE(C55:H55) -> 0
C82: Advanced IT Skills | D82: =AVERAGE(C56:H56) -> 0
C83: Advanced Business Techniques | D83: =AVERAGE(C57:H57) -> 0
C84: Advanced Business Methods | D84: =AVERAGE(C58:H58) -> 1.5
C85: Advanced Advertising Skills | D85: =AVERAGE(C59:H59) -> 1.8333333

Sheet Dashboard
C6: Select Year | E6: 2016
C8: Total Training Hours | I8: Training Cost | O8: Total Participants | U8: Occupancy Rate
AC9: ANALYST NOTE:
C10: =Calculations!$C$7 -> 20 | I10: =Calculations!$C$5 -> 9000 | O10: =Calculations!$C$6 -> 20 | U10: =Calculations!$C$10 -> 0.44444444 | AC10: Due to insufficient data from previous and current year, the analyst decided to make a data selection based on the Year only as adding a separate selector like Department will make the dashboard less vibrant and appealing.
D19: =Calculations!$C$14 -> 0.83333333 | J19: =Calculations!$C$11 -> 0.74285714 | P19: =Calculations!$C$17 -> 0.84 | V19: =Calculations!$C$20 -> -0.0713
C20: vs. last period | I20: vs. last period | O20: vs. last period | U20: vs. last period
D63: =Calculations!$B$36 -> As of FYE 2016, the Total Training Hours is 20, participated by 20 employees from different departments with 44.44% Occupancy Rate. Accumulated cost is equal to 9,000.
